Department,Date,Deaths
LIMA,2020-03-18,1
LIMA,2020-03-19,3
LIMA,2020-03-20,2
PIURA,2020-03-21,1
CALLAO,2020-03-22,1
LORETO,2020-03-22,1
LIMA,2020-03-23,1
CUSCO,2020-03-24,1
LA LIBERTAD,2020-03-24,1
LIMA,2020-03-24,2
LA LIBERTAD,2020-03-26,1
LAMBAYEQUE,2020-03-26,2
LIMA,2020-03-26,3
CUSCO,2020-03-27,2
LIMA,2020-03-27,6
ANCASH,2020-03-28,1
LIMA,2020-03-28,3
AREQUIPA,2020-03-29,1
CALLAO,2020-03-29,2
LAMBAYEQUE,2020-03-29,1
LIMA,2020-03-29,7
PIURA,2020-03-29,1
ICA,2020-03-30,1
JUNIN,2020-03-30,1
LAMBAYEQUE,2020-03-30,2
LIMA,2020-03-30,6
LORETO,2020-03-30,2
TUMBES,2020-03-30,1
AREQUIPA,2020-03-31,1
CALLAO,2020-03-31,2
LA LIBERTAD,2020-03-31,1
LAMBAYEQUE,2020-03-31,1
LIMA,2020-03-31,13
LORETO,2020-03-31,1
SAN MARTIN,2020-03-31,1
CALLAO,2020-04-01,3
ICA,2020-04-01,1
LAMBAYEQUE,2020-04-01,1
LIMA,2020-04-01,7
TUMBES,2020-04-01,1
CALLAO,2020-04-02,2
CUSCO,2020-04-02,1
ICA,2020-04-02,1
LA LIBERTAD,2020-04-02,1
LIMA,2020-04-02,8
PIURA,2020-04-02,1
TUMBES,2020-04-02,1
CALLAO,2020-04-03,1
ICA,2020-04-03,1
LAMBAYEQUE,2020-04-03,4
LIMA,2020-04-03,25
PIURA,2020-04-03,1
TUMBES,2020-04-03,1
AREQUIPA,2020-04-04,4
CALLAO,2020-04-04,2
HUANCAVELICA,2020-04-04,1
ICA,2020-04-04,1
JUNIN,2020-04-04,1
LA LIBERTAD,2020-04-04,1
LAMBAYEQUE,2020-04-04,5
LIMA,2020-04-04,25
PIURA,2020-04-04,4
UCAYALI,2020-04-04,1
ANCASH,2020-04-05,1
CALLAO,2020-04-05,2
HUANUCO,2020-04-05,1
LAMBAYEQUE,2020-04-05,3
LIMA,2020-04-05,7
LORETO,2020-04-05,1
SAN MARTIN,2020-04-05,1
CALLAO,2020-04-06,5
LA LIBERTAD,2020-04-06,2
LAMBAYEQUE,2020-04-06,4
LIMA,2020-04-06,16
PIURA,2020-04-06,1
TUMBES,2020-04-06,2
ANCASH,2020-04-07,3
CALLAO,2020-04-07,2
LAMBAYEQUE,2020-04-07,2
LIMA,2020-04-07,19
LORETO,2020-04-07,1
PIURA,2020-04-07,2
ANCASH,2020-04-08,2
CALLAO,2020-04-08,1
LA LIBERTAD,2020-04-08,1
LAMBAYEQUE,2020-04-08,10
LIMA,2020-04-08,40
LORETO,2020-04-08,1
PIURA,2020-04-08,2
CALLAO,2020-04-09,3
ICA,2020-04-09,2
LAMBAYEQUE,2020-04-09,10
LIMA,2020-04-09,31
LORETO,2020-04-09,2
PIURA,2020-04-09,1
TUMBES,2020-04-09,2
CALLAO,2020-04-10,4
ICA,2020-04-10,1
LAMBAYEQUE,2020-04-10,15
LIMA,2020-04-10,24
LORETO,2020-04-10,2
PIURA,2020-04-10,6
UCAYALI,2020-04-10,1
CALLAO,2020-04-11,3
ICA,2020-04-11,2
LAMBAYEQUE,2020-04-11,8
LIMA,2020-04-11,27
LORETO,2020-04-11,1
PIURA,2020-04-11,3
TUMBES,2020-04-11,1
ANCASH,2020-04-12,2
AREQUIPA,2020-04-12,1
CALLAO,2020-04-12,4
ICA,2020-04-12,1
LA LIBERTAD,2020-04-12,3
LAMBAYEQUE,2020-04-12,8
LIMA,2020-04-12,40
LORETO,2020-04-12,3
PIURA,2020-04-12,4
TUMBES,2020-04-12,1
ANCASH,2020-04-13,3
AREQUIPA,2020-04-13,2
CAJAMARCA,2020-04-13,2
CALLAO,2020-04-13,5
ICA,2020-04-13,3
JUNIN,2020-04-13,1
LA LIBERTAD,2020-04-13,1
LAMBAYEQUE,2020-04-13,5
LIMA,2020-04-13,36
PIURA,2020-04-13,6
TUMBES,2020-04-13,2
ANCASH,2020-04-14,3
CALLAO,2020-04-14,6
ICA,2020-04-14,2
JUNIN,2020-04-14,2
LA LIBERTAD,2020-04-14,3
LAMBAYEQUE,2020-04-14,11
LIMA,2020-04-14,49
LORETO,2020-04-14,5
PIURA,2020-04-14,6
ANCASH,2020-04-15,3
AREQUIPA,2020-04-15,1
CALLAO,2020-04-15,3
ICA,2020-04-15,1
LA LIBERTAD,2020-04-15,3
LAMBAYEQUE,2020-04-15,14
LIMA,2020-04-15,56
LORETO,2020-04-15,3
PIURA,2020-04-15,6
UCAYALI,2020-04-15,2
ANCASH,2020-04-16,3
AREQUIPA,2020-04-16,1
CAJAMARCA,2020-04-16,1
CALLAO,2020-04-16,8
ICA,2020-04-16,1
LAMBAYEQUE,2020-04-16,13
LIMA,2020-04-16,62
LORETO,2020-04-16,2
PIURA,2020-04-16,7
UCAYALI,2020-04-16,1
ANCASH,2020-04-17,1
CALLAO,2020-04-17,6
ICA,2020-04-17,2
LA LIBERTAD,2020-04-17,1
LAMBAYEQUE,2020-04-17,19
LIMA,2020-04-17,57
LORETO,2020-04-17,4
PASCO,2020-04-17,1
PIURA,2020-04-17,6
TUMBES,2020-04-17,1
ANCASH,2020-04-18,5
CALLAO,2020-04-18,8
ICA,2020-04-18,1
JUNIN,2020-04-18,2
LA LIBERTAD,2020-04-18,1
LAMBAYEQUE,2020-04-18,15
LIMA,2020-04-18,59
LORETO,2020-04-18,5
PIURA,2020-04-18,6
TUMBES,2020-04-18,1
UCAYALI,2020-04-18,2
ANCASH,2020-04-19,8
AREQUIPA,2020-04-19,3
CALLAO,2020-04-19,3
ICA,2020-04-19,2
JUNIN,2020-04-19,1
LA LIBERTAD,2020-04-19,3
LAMBAYEQUE,2020-04-19,8
LIMA,2020-04-19,71
PIURA,2020-04-19,8
SAN MARTIN,2020-04-19,1
TUMBES,2020-04-19,2
UCAYALI,2020-04-19,4
ANCASH,2020-04-20,4
AREQUIPA,2020-04-20,1
CAJAMARCA,2020-04-20,1
CALLAO,2020-04-20,8
HUANCAVELICA,2020-04-20,1
ICA,2020-04-20,1
LA LIBERTAD,2020-04-20,2
LAMBAYEQUE,2020-04-20,11
LIMA,2020-04-20,75
PIURA,2020-04-20,7
PUNO,2020-04-20,1
SAN MARTIN,2020-04-20,1
TUMBES,2020-04-20,1
UCAYALI,2020-04-20,2
ANCASH,2020-04-21,1
CALLAO,2020-04-21,12
ICA,2020-04-21,2
LAMBAYEQUE,2020-04-21,10
LIMA,2020-04-21,72
LORETO,2020-04-21,2
PIURA,2020-04-21,9
SAN MARTIN,2020-04-21,1
TUMBES,2020-04-21,2
UCAYALI,2020-04-21,3
ANCASH,2020-04-22,1
CALLAO,2020-04-22,8
CUSCO,2020-04-22,1
ICA,2020-04-22,5
JUNIN,2020-04-22,1
LA LIBERTAD,2020-04-22,2
LAMBAYEQUE,2020-04-22,16
LIMA,2020-04-22,78
LORETO,2020-04-22,10
PIURA,2020-04-22,4
TUMBES,2020-04-22,3
UCAYALI,2020-04-22,8
ANCASH,2020-04-23,8
AREQUIPA,2020-04-23,1
CALLAO,2020-04-23,12
CUSCO,2020-04-23,1
ICA,2020-04-23,5
JUNIN,2020-04-23,1
LA LIBERTAD,2020-04-23,4
LAMBAYEQUE,2020-04-23,22
LIMA,2020-04-23,56
LORETO,2020-04-23,15
PIURA,2020-04-23,7
TACNA,2020-04-23,1
TUMBES,2020-04-23,1
UCAYALI,2020-04-23,3
ANCASH,2020-04-24,7
CALLAO,2020-04-24,17
ICA,2020-04-24,2
LA LIBERTAD,2020-04-24,1
LAMBAYEQUE,2020-04-24,20
LIMA,2020-04-24,68
LORETO,2020-04-24,13
PIURA,2020-04-24,12
TUMBES,2020-04-24,3
UCAYALI,2020-04-24,4
ANCASH,2020-04-25,4
AREQUIPA,2020-04-25,2
CAJAMARCA,2020-04-25,1
CALLAO,2020-04-25,6
ICA,2020-04-25,5
JUNIN,2020-04-25,1
LAMBAYEQUE,2020-04-25,25
LIMA,2020-04-25,62
LORETO,2020-04-25,17
MADRE DE DIOS,2020-04-25,1
PIURA,2020-04-25,7
TUMBES,2020-04-25,2
UCAYALI,2020-04-25,7
ANCASH,2020-04-26,5
CALLAO,2020-04-26,12
CUSCO,2020-04-26,1
ICA,2020-04-26,3
JUNIN,2020-04-26,2
LA LIBERTAD,2020-04-26,7
LAMBAYEQUE,2020-04-26,18
LIMA,2020-04-26,78
LORETO,2020-04-26,16
PIURA,2020-04-26,13
TUMBES,2020-04-26,1
UCAYALI,2020-04-26,6
ANCASH,2020-04-27,14
CAJAMARCA,2020-04-27,2
CALLAO,2020-04-27,9
ICA,2020-04-27,3
JUNIN,2020-04-27,1
LA LIBERTAD,2020-04-27,3
LAMBAYEQUE,2020-04-27,25
LIMA,2020-04-27,82
LORETO,2020-04-27,13
PIURA,2020-04-27,13
SAN MARTIN,2020-04-27,1
UCAYALI,2020-04-27,1
ANCASH,2020-04-28,2
CALLAO,2020-04-28,8
ICA,2020-04-28,5
LA LIBERTAD,2020-04-28,7
LAMBAYEQUE,2020-04-28,26
LIMA,2020-04-28,81
LORETO,2020-04-28,27
MOQUEGUA,2020-04-28,1
PIURA,2020-04-28,14
UCAYALI,2020-04-28,3
ANCASH,2020-04-29,4
CAJAMARCA,2020-04-29,2
CALLAO,2020-04-29,15
ICA,2020-04-29,3
LA LIBERTAD,2020-04-29,3
LAMBAYEQUE,2020-04-29,21
LIMA,2020-04-29,64
LORETO,2020-04-29,27
PIURA,2020-04-29,19
PUNO,2020-04-29,1
SAN MARTIN,2020-04-29,1
UCAYALI,2020-04-29,2
ANCASH,2020-04-30,8
CALLAO,2020-04-30,16
HUANUCO,2020-04-30,1
ICA,2020-04-30,9
LA LIBERTAD,2020-04-30,4
LAMBAYEQUE,2020-04-30,26
LIMA,2020-04-30,78
LORETO,2020-04-30,26
PIURA,2020-04-30,15
UCAYALI,2020-04-30,2
AMAZONAS,2020-05-01,1
ANCASH,2020-05-01,4
AREQUIPA,2020-05-01,1
CAJAMARCA,2020-05-01,1
CALLAO,2020-05-01,11
HUANUCO,2020-05-01,1
ICA,2020-05-01,7
LA LIBERTAD,2020-05-01,5
LAMBAYEQUE,2020-05-01,22
LIMA,2020-05-01,111
LORETO,2020-05-01,25
PASCO,2020-05-01,1
PIURA,2020-05-01,13
TUMBES,2020-05-01,4
UCAYALI,2020-05-01,8
ANCASH,2020-05-02,10
AREQUIPA,2020-05-02,1
CALLAO,2020-05-02,12
HUANUCO,2020-05-02,1
ICA,2020-05-02,4
JUNIN,2020-05-02,2
LA LIBERTAD,2020-05-02,8
LAMBAYEQUE,2020-05-02,20
LIMA,2020-05-02,92
LORETO,2020-05-02,27
PASCO,2020-05-02,1
PIURA,2020-05-02,18
TACNA,2020-05-02,1
TUMBES,2020-05-02,2
UCAYALI,2020-05-02,4
AMAZONAS,2020-05-03,1
ANCASH,2020-05-03,7
AYACUCHO,2020-05-03,2
CALLAO,2020-05-03,17
ICA,2020-05-03,8
JUNIN,2020-05-03,1
LA LIBERTAD,2020-05-03,4
LAMBAYEQUE,2020-05-03,24
LIMA,2020-05-03,107
LORETO,2020-05-03,28
PIURA,2020-05-03,22
PUNO,2020-05-03,1
UCAYALI,2020-05-03,3
AMAZONAS,2020-05-04,1
ANCASH,2020-05-04,5
AYACUCHO,2020-05-04,2
CALLAO,2020-05-04,16
HUANUCO,2020-05-04,1
ICA,2020-05-04,8
JUNIN,2020-05-04,3
LA LIBERTAD,2020-05-04,3
LAMBAYEQUE,2020-05-04,17
LIMA,2020-05-04,100
LORETO,2020-05-04,26
PIURA,2020-05-04,16
TUMBES,2020-05-04,2
UCAYALI,2020-05-04,2
AMAZONAS,2020-05-05,2
ANCASH,2020-05-05,6
CALLAO,2020-05-05,16
HUANUCO,2020-05-05,3
ICA,2020-05-05,6
LA LIBERTAD,2020-05-05,4
LAMBAYEQUE,2020-05-05,22
LIMA,2020-05-05,115
LORETO,2020-05-05,25
PIURA,2020-05-05,18
PUNO,2020-05-05,1
SAN MARTIN,2020-05-05,1
TACNA,2020-05-05,1
TUMBES,2020-05-05,2
UCAYALI,2020-05-05,6
AMAZONAS,2020-05-06,2
ANCASH,2020-05-06,16
CAJAMARCA,2020-05-06,1
CALLAO,2020-05-06,20
HUANUCO,2020-05-06,1
ICA,2020-05-06,8
LA LIBERTAD,2020-05-06,6
LAMBAYEQUE,2020-05-06,28
LIMA,2020-05-06,103
LORETO,2020-05-06,19
MADRE DE DIOS,2020-05-06,1
PASCO,2020-05-06,1
PIURA,2020-05-06,26
TUMBES,2020-05-06,4
UCAYALI,2020-05-06,3
ANCASH,2020-05-07,12
AREQUIPA,2020-05-07,3
AYACUCHO,2020-05-07,1
CALLAO,2020-05-07,18
HUANUCO,2020-05-07,1
ICA,2020-05-07,6
LA LIBERTAD,2020-05-07,6
LAMBAYEQUE,2020-05-07,27
LIMA,2020-05-07,101
LORETO,2020-05-07,8
PIURA,2020-05-07,16
SAN MARTIN,2020-05-07,2
TUMBES,2020-05-07,3
UCAYALI,2020-05-07,3
ANCASH,2020-05-08,11
CALLAO,2020-05-08,20
ICA,2020-05-08,8
JUNIN,2020-05-08,4
LA LIBERTAD,2020-05-08,6
LAMBAYEQUE,2020-05-08,20
LIMA,2020-05-08,103
LORETO,2020-05-08,15
PIURA,2020-05-08,28
SAN MARTIN,2020-05-08,2
TUMBES,2020-05-08,2
UCAYALI,2020-05-08,4
AMAZONAS,2020-05-09,1
ANCASH,2020-05-09,11
AYACUCHO,2020-05-09,1
CAJAMARCA,2020-05-09,1
CALLAO,2020-05-09,16
HUANUCO,2020-05-09,1
ICA,2020-05-09,3
JUNIN,2020-05-09,3
LA LIBERTAD,2020-05-09,9
LAMBAYEQUE,2020-05-09,20
LIMA,2020-05-09,127
LORETO,2020-05-09,19
MADRE DE DIOS,2020-05-09,1
PIURA,2020-05-09,18
PUNO,2020-05-09,1
SAN MARTIN,2020-05-09,1
TUMBES,2020-05-09,4
UCAYALI,2020-05-09,3
AMAZONAS,2020-05-10,3
ANCASH,2020-05-10,9
AREQUIPA,2020-05-10,1
CAJAMARCA,2020-05-10,1
CALLAO,2020-05-10,18
ICA,2020-05-10,3
JUNIN,2020-05-10,6
LAMBAYEQUE,2020-05-10,19
LIMA,2020-05-10,123
LORETO,2020-05-10,15
PIURA,2020-05-10,26
SAN MARTIN,2020-05-10,3
TUMBES,2020-05-10,1
UCAYALI,2020-05-10,2
AMAZONAS,2020-05-11,1
ANCASH,2020-05-11,6
AREQUIPA,2020-05-11,1
CALLAO,2020-05-11,20
ICA,2020-05-11,14
JUNIN,2020-05-11,2
LA LIBERTAD,2020-05-11,10
LAMBAYEQUE,2020-05-11,20
LIMA,2020-05-11,124
LORETO,2020-05-11,22
PIURA,2020-05-11,26
TUMBES,2020-05-11,6
UCAYALI,2020-05-11,7
ANCASH,2020-05-12,10
CALLAO,2020-05-12,17
CUSCO,2020-05-12,1
ICA,2020-05-12,5
JUNIN,2020-05-12,2
LA LIBERTAD,2020-05-12,1
LAMBAYEQUE,2020-05-12,16
LIMA,2020-05-12,113
LORETO,2020-05-12,6
PIURA,2020-05-12,12
SAN MARTIN,2020-05-12,1
TUMBES,2020-05-12,3
UCAYALI,2020-05-12,3
AMAZONAS,2020-05-13,2
ANCASH,2020-05-13,12
AREQUIPA,2020-05-13,1
CALLAO,2020-05-13,9
CUSCO,2020-05-13,2
ICA,2020-05-13,6
JUNIN,2020-05-13,3
LA LIBERTAD,2020-05-13,4
LAMBAYEQUE,2020-05-13,16
LIMA,2020-05-13,110
LORETO,2020-05-13,3
PIURA,2020-05-13,24
SAN MARTIN,2020-05-13,1
TUMBES,2020-05-13,2
UCAYALI,2020-05-13,1
AMAZONAS,2020-05-14,1
ANCASH,2020-05-14,5
AYACUCHO,2020-05-14,1
CAJAMARCA,2020-05-14,1
CALLAO,2020-05-14,21
ICA,2020-05-14,5
LA LIBERTAD,2020-05-14,8
LAMBAYEQUE,2020-05-14,26
LIMA,2020-05-14,133
LORETO,2020-05-14,8
PIURA,2020-05-14,18
SAN MARTIN,2020-05-14,1
TUMBES,2020-05-14,3
UCAYALI,2020-05-14,3
AMAZONAS,2020-05-15,1
ANCASH,2020-05-15,5
AYACUCHO,2020-05-15,1
CALLAO,2020-05-15,21
CUSCO,2020-05-15,2
HUANUCO,2020-05-15,1
ICA,2020-05-15,6
JUNIN,2020-05-15,1
LA LIBERTAD,2020-05-15,2
LAMBAYEQUE,2020-05-15,22
LIMA,2020-05-15,102
LORETO,2020-05-15,7
MADRE DE DIOS,2020-05-15,1
MOQUEGUA,2020-05-15,1
PIURA,2020-05-15,20
SAN MARTIN,2020-05-15,2
TUMBES,2020-05-15,2
UCAYALI,2020-05-15,2
AMAZONAS,2020-05-16,2
ANCASH,2020-05-16,12
AREQUIPA,2020-05-16,1
AYACUCHO,2020-05-16,1
CAJAMARCA,2020-05-16,3
CALLAO,2020-05-16,23
HUANUCO,2020-05-16,1
ICA,2020-05-16,6
JUNIN,2020-05-16,1
LA LIBERTAD,2020-05-16,5
LAMBAYEQUE,2020-05-16,14
LIMA,2020-05-16,102
LORETO,2020-05-16,16
PIURA,2020-05-16,14
PUNO,2020-05-16,1
SAN MARTIN,2020-05-16,3
TUMBES,2020-05-16,1
UCAYALI,2020-05-16,4
AMAZONAS,2020-05-17,1
ANCASH,2020-05-17,12
AYACUCHO,2020-05-17,1
CALLAO,2020-05-17,27
HUANUCO,2020-05-17,2
ICA,2020-05-17,4
JUNIN,2020-05-17,5
LA LIBERTAD,2020-05-17,2
LAMBAYEQUE,2020-05-17,18
LIMA,2020-05-17,111
LORETO,2020-05-17,15
PASCO,2020-05-17,1
PIURA,2020-05-17,12
SAN MARTIN,2020-05-17,1
TUMBES,2020-05-17,1
UCAYALI,2020-05-17,3
AMAZONAS,2020-05-18,1
ANCASH,2020-05-18,12
AREQUIPA,2020-05-18,4
AYACUCHO,2020-05-18,1
CAJAMARCA,2020-05-18,2
CALLAO,2020-05-18,24
ICA,2020-05-18,11
JUNIN,2020-05-18,3
LA LIBERTAD,2020-05-18,6
LAMBAYEQUE,2020-05-18,20
LIMA,2020-05-18,132
LORETO,2020-05-18,20
MOQUEGUA,2020-05-18,1
PIURA,2020-05-18,19
PUNO,2020-05-18,1
SAN MARTIN,2020-05-18,4
TACNA,2020-05-18,3
TUMBES,2020-05-18,3
UCAYALI,2020-05-18,4
AMAZONAS,2020-05-19,1
ANCASH,2020-05-19,7
AREQUIPA,2020-05-19,2
AYACUCHO,2020-05-19,2
CAJAMARCA,2020-05-19,2
CALLAO,2020-05-19,20
CUSCO,2020-05-19,1
HUANUCO,2020-05-19,1
ICA,2020-05-19,12
JUNIN,2020-05-19,1
LA LIBERTAD,2020-05-19,12
LAMBAYEQUE,2020-05-19,12
LIMA,2020-05-19,115
LORETO,2020-05-19,15
PIURA,2020-05-19,15
SAN MARTIN,2020-05-19,1
TUMBES,2020-05-19,2
UCAYALI,2020-05-19,3
AMAZONAS,2020-05-20,1
ANCASH,2020-05-20,3
AREQUIPA,2020-05-20,1
AYACUCHO,2020-05-20,2
CALLAO,2020-05-20,32
HUANUCO,2020-05-20,2
ICA,2020-05-20,12
JUNIN,2020-05-20,3
LA LIBERTAD,2020-05-20,10
LAMBAYEQUE,2020-05-20,16
LIMA,2020-05-20,149
LORETO,2020-05-20,7
MADRE DE DIOS,2020-05-20,3
PASCO,2020-05-20,2
PIURA,2020-05-20,20
TUMBES,2020-05-20,5
UCAYALI,2020-05-20,2
AMAZONAS,2020-05-21,1
ANCASH,2020-05-21,10
AREQUIPA,2020-05-21,1
CALLAO,2020-05-21,32
HUANUCO,2020-05-21,3
ICA,2020-05-21,7
JUNIN,2020-05-21,3
LA LIBERTAD,2020-05-21,5
LAMBAYEQUE,2020-05-21,20
LIMA,2020-05-21,108
LORETO,2020-05-21,14
MADRE DE DIOS,2020-05-21,1
MOQUEGUA,2020-05-21,1
PASCO,2020-05-21,1
PIURA,2020-05-21,15
TUMBES,2020-05-21,5
UCAYALI,2020-05-21,4
ANCASH,2020-05-22,4
AREQUIPA,2020-05-22,2
CAJAMARCA,2020-05-22,2
CALLAO,2020-05-22,28
HUANUCO,2020-05-22,2
ICA,2020-05-22,15
JUNIN,2020-05-22,2
LA LIBERTAD,2020-05-22,9
LAMBAYEQUE,2020-05-22,17
LIMA,2020-05-22,116
LORETO,2020-05-22,18
PASCO,2020-05-22,1
PIURA,2020-05-22,17
SAN MARTIN,2020-05-22,2
TUMBES,2020-05-22,5
UCAYALI,2020-05-22,5
ANCASH,2020-05-23,6
AREQUIPA,2020-05-23,4
CALLAO,2020-05-23,29
HUANUCO,2020-05-23,1
ICA,2020-05-23,3
JUNIN,2020-05-23,1
LA LIBERTAD,2020-05-23,17
LAMBAYEQUE,2020-05-23,16
LIMA,2020-05-23,108
LORETO,2020-05-23,15
PIURA,2020-05-23,19
SAN MARTIN,2020-05-23,2
TUMBES,2020-05-23,3
UCAYALI,2020-05-23,6
ANCASH,2020-05-24,14
APURIMAC,2020-05-24,1
AREQUIPA,2020-05-24,2
AYACUCHO,2020-05-24,1
CALLAO,2020-05-24,31
ICA,2020-05-24,15
JUNIN,2020-05-24,1
LA LIBERTAD,2020-05-24,11
LAMBAYEQUE,2020-05-24,17
LIMA,2020-05-24,140
LORETO,2020-05-24,9
MADRE DE DIOS,2020-05-24,1
PIURA,2020-05-24,23
SAN MARTIN,2020-05-24,3
TACNA,2020-05-24,2
TUMBES,2020-05-24,8
UCAYALI,2020-05-24,1
ANCASH,2020-05-25,13
AYACUCHO,2020-05-25,1
CAJAMARCA,2020-05-25,1
CALLAO,2020-05-25,12
HUANUCO,2020-05-25,1
ICA,2020-05-25,14
JUNIN,2020-05-25,2
LA LIBERTAD,2020-05-25,13
LAMBAYEQUE,2020-05-25,12
LIMA,2020-05-25,135
LORETO,2020-05-25,17
MOQUEGUA,2020-05-25,1
PIURA,2020-05-25,18
TACNA,2020-05-25,1
TUMBES,2020-05-25,2
UCAYALI,2020-05-25,1
ANCASH,2020-05-26,12
AREQUIPA,2020-05-26,1
CALLAO,2020-05-26,23
HUANUCO,2020-05-26,1
ICA,2020-05-26,14
JUNIN,2020-05-26,3
LA LIBERTAD,2020-05-26,12
LAMBAYEQUE,2020-05-26,15
LIMA,2020-05-26,46
LORETO,2020-05-26,10
PIURA,2020-05-26,14
PUNO,2020-05-26,1
SAN MARTIN,2020-05-26,3
TUMBES,2020-05-26,2
UCAYALI,2020-05-26,4
AMAZONAS,2020-05-27,1
ANCASH,2020-05-27,14
AREQUIPA,2020-05-27,3
AYACUCHO,2020-05-27,1
CALLAO,2020-05-27,20
HUANUCO,2020-05-27,4
ICA,2020-05-27,6
JUNIN,2020-05-27,4
LA LIBERTAD,2020-05-27,25
LAMBAYEQUE,2020-05-27,18
LIMA,2020-05-27,73
LORETO,2020-05-27,9
PIURA,2020-05-27,32
SAN MARTIN,2020-05-27,3
TUMBES,2020-05-27,1
UCAYALI,2020-05-27,5
AMAZONAS,2020-05-28,2
ANCASH,2020-05-28,17
APURIMAC,2020-05-28,1
AREQUIPA,2020-05-28,2
CAJAMARCA,2020-05-28,2
CALLAO,2020-05-28,24
HUANUCO,2020-05-28,2
ICA,2020-05-28,13
JUNIN,2020-05-28,1
LA LIBERTAD,2020-05-28,15
LAMBAYEQUE,2020-05-28,17
LIMA,2020-05-28,81
LORETO,2020-05-28,13
PIURA,2020-05-28,19
PUNO,2020-05-28,1
SAN MARTIN,2020-05-28,2
TUMBES,2020-05-28,7
UCAYALI,2020-05-28,2
ANCASH,2020-05-29,14
APURIMAC,2020-05-29,2
AREQUIPA,2020-05-29,6
AYACUCHO,2020-05-29,2
CAJAMARCA,2020-05-29,1
CALLAO,2020-05-29,28
HUANUCO,2020-05-29,2
ICA,2020-05-29,18
JUNIN,2020-05-29,3
LA LIBERTAD,2020-05-29,21
LAMBAYEQUE,2020-05-29,22
LIMA,2020-05-29,87
LORETO,2020-05-29,14
MOQUEGUA,2020-05-29,1
PASCO,2020-05-29,1
PIURA,2020-05-29,20
TUMBES,2020-05-29,4
UCAYALI,2020-05-29,3
ANCASH,2020-05-30,11
AREQUIPA,2020-05-30,5
AYACUCHO,2020-05-30,1
CAJAMARCA,2020-05-30,2
CALLAO,2020-05-30,22
HUANUCO,2020-05-30,2
ICA,2020-05-30,12
JUNIN,2020-05-30,3
LA LIBERTAD,2020-05-30,34
LAMBAYEQUE,2020-05-30,14
LIMA,2020-05-30,93
LORETO,2020-05-30,10
PIURA,2020-05-30,29
SAN MARTIN,2020-05-30,3
TACNA,2020-05-30,1
TUMBES,2020-05-30,8
UCAYALI,2020-05-30,3
ANCASH,2020-05-31,16
AREQUIPA,2020-05-31,5
AYACUCHO,2020-05-31,2
CAJAMARCA,2020-05-31,1
CALLAO,2020-05-31,23
HUANUCO,2020-05-31,1
ICA,2020-05-31,16
JUNIN,2020-05-31,2
LA LIBERTAD,2020-05-31,23
LAMBAYEQUE,2020-05-31,15
LIMA,2020-05-31,83
LORETO,2020-05-31,9
MADRE DE DIOS,2020-05-31,1
PIURA,2020-05-31,23
SAN MARTIN,2020-05-31,5
TACNA,2020-05-31,1
TUMBES,2020-05-31,3
UCAYALI,2020-05-31,1
AMAZONAS,2020-06-01,2
ANCASH,2020-06-01,14
AREQUIPA,2020-06-01,1
AYACUCHO,2020-06-01,2
CAJAMARCA,2020-06-01,1
CALLAO,2020-06-01,24
ICA,2020-06-01,23
JUNIN,2020-06-01,2
LA LIBERTAD,2020-06-01,22
LAMBAYEQUE,2020-06-01,14
LIMA,2020-06-01,98
LORETO,2020-06-01,17
PASCO,2020-06-01,2
PIURA,2020-06-01,21
SAN MARTIN,2020-06-01,7
TUMBES,2020-06-01,6
UCAYALI,2020-06-01,4
AMAZONAS,2020-06-02,2
ANCASH,2020-06-02,18
AREQUIPA,2020-06-02,1
CALLAO,2020-06-02,24
HUANUCO,2020-06-02,1
ICA,2020-06-02,11
JUNIN,2020-06-02,1
LA LIBERTAD,2020-06-02,22
LAMBAYEQUE,2020-06-02,8
LIMA,2020-06-02,85
LORETO,2020-06-02,6
PASCO,2020-06-02,1
PIURA,2020-06-02,25
PUNO,2020-06-02,1
SAN MARTIN,2020-06-02,5
TACNA,2020-06-02,1
TUMBES,2020-06-02,8
UCAYALI,2020-06-02,4
AMAZONAS,2020-06-03,6
ANCASH,2020-06-03,13
AREQUIPA,2020-06-03,5
AYACUCHO,2020-06-03,1
CAJAMARCA,2020-06-03,3
CALLAO,2020-06-03,34
CUSCO,2020-06-03,2
HUANCAVELICA,2020-06-03,1
ICA,2020-06-03,25
JUNIN,2020-06-03,3
LA LIBERTAD,2020-06-03,27
LAMBAYEQUE,2020-06-03,7
LIMA,2020-06-03,73
LORETO,2020-06-03,7
MADRE DE DIOS,2020-06-03,2
PIURA,2020-06-03,28
SAN MARTIN,2020-06-03,10
TUMBES,2020-06-03,6
UCAYALI,2020-06-03,1
AMAZONAS,2020-06-04,4
ANCASH,2020-06-04,17
APURIMAC,2020-06-04,1
AREQUIPA,2020-06-04,3
AYACUCHO,2020-06-04,1
CAJAMARCA,2020-06-04,2
CALLAO,2020-06-04,10
CUSCO,2020-06-04,2
HUANUCO,2020-06-04,3
ICA,2020-06-04,24
JUNIN,2020-06-04,3
LA LIBERTAD,2020-06-04,27
LAMBAYEQUE,2020-06-04,23
LIMA,2020-06-04,87
LORETO,2020-06-04,9
MADRE DE DIOS,2020-06-04,3
PIURA,2020-06-04,22
PUNO,2020-06-04,1
SAN MARTIN,2020-06-04,5
TUMBES,2020-06-04,6
UCAYALI,2020-06-04,4
ANCASH,2020-06-05,11
AREQUIPA,2020-06-05,1
CALLAO,2020-06-05,11
CUSCO,2020-06-05,1
HUANUCO,2020-06-05,2
ICA,2020-06-05,14
JUNIN,2020-06-05,3
LA LIBERTAD,2020-06-05,36
LAMBAYEQUE,2020-06-05,9
LIMA,2020-06-05,98
LORETO,2020-06-05,18
MADRE DE DIOS,2020-06-05,3
PIURA,2020-06-05,24
SAN MARTIN,2020-06-05,10
TUMBES,2020-06-05,5
UCAYALI,2020-06-05,3
AMAZONAS,2020-06-06,1
ANCASH,2020-06-06,12
CAJAMARCA,2020-06-06,3
CALLAO,2020-06-06,12
HUANCAVELICA,2020-06-06,2
HUANUCO,2020-06-06,4
ICA,2020-06-06,19
JUNIN,2020-06-06,2
LA LIBERTAD,2020-06-06,26
LAMBAYEQUE,2020-06-06,10
LIMA,2020-06-06,109
LORETO,2020-06-06,9
MADRE DE DIOS,2020-06-06,2
MOQUEGUA,2020-06-06,1
PIURA,2020-06-06,30
SAN MARTIN,2020-06-06,13
TACNA,2020-06-06,1
TUMBES,2020-06-06,7
UCAYALI,2020-06-06,4
ANCASH,2020-06-07,23
APURIMAC,2020-06-07,1
AREQUIPA,2020-06-07,5
CAJAMARCA,2020-06-07,2
CALLAO,2020-06-07,3
CUSCO,2020-06-07,1
HUANUCO,2020-06-07,3
ICA,2020-06-07,13
JUNIN,2020-06-07,2
LA LIBERTAD,2020-06-07,28
LAMBAYEQUE,2020-06-07,16
LIMA,2020-06-07,74
LORETO,2020-06-07,7
MOQUEGUA,2020-06-07,2
PIURA,2020-06-07,29
SAN MARTIN,2020-06-07,3
TUMBES,2020-06-07,4
UCAYALI,2020-06-07,1
AMAZONAS,2020-06-08,2
ANCASH,2020-06-08,15
APURIMAC,2020-06-08,2
AREQUIPA,2020-06-08,6
AYACUCHO,2020-06-08,1
CAJAMARCA,2020-06-08,2
CALLAO,2020-06-08,10
HUANCAVELICA,2020-06-08,1
HUANUCO,2020-06-08,4
ICA,2020-06-08,15
JUNIN,2020-06-08,4
LA LIBERTAD,2020-06-08,31
LAMBAYEQUE,2020-06-08,18
LIMA,2020-06-08,105
LORETO,2020-06-08,11
MADRE DE DIOS,2020-06-08,4
PASCO,2020-06-08,1
PIURA,2020-06-08,30
SAN MARTIN,2020-06-08,10
TACNA,2020-06-08,2
TUMBES,2020-06-08,6
UCAYALI,2020-06-08,4
AMAZONAS,2020-06-09,2
ANCASH,2020-06-09,16
AREQUIPA,2020-06-09,10
AYACUCHO,2020-06-09,3
CAJAMARCA,2020-06-09,3
CALLAO,2020-06-09,9
CUSCO,2020-06-09,1
HUANUCO,2020-06-09,3
ICA,2020-06-09,16
JUNIN,2020-06-09,4
LA LIBERTAD,2020-06-09,43
LAMBAYEQUE,2020-06-09,18
LIMA,2020-06-09,102
LORETO,2020-06-09,8
MADRE DE DIOS,2020-06-09,2
MOQUEGUA,2020-06-09,1
PASCO,2020-06-09,1
PIURA,2020-06-09,21
PUNO,2020-06-09,2
SAN MARTIN,2020-06-09,7
UCAYALI,2020-06-09,3
ANCASH,2020-06-10,9
AREQUIPA,2020-06-10,4
AYACUCHO,2020-06-10,4
CAJAMARCA,2020-06-10,2
CALLAO,2020-06-10,8
HUANUCO,2020-06-10,5
ICA,2020-06-10,23
JUNIN,2020-06-10,8
LA LIBERTAD,2020-06-10,25
LAMBAYEQUE,2020-06-10,14
LIMA,2020-06-10,145
LORETO,2020-06-10,8
MADRE DE DIOS,2020-06-10,3
PIURA,2020-06-10,29
SAN MARTIN,2020-06-10,10
TUMBES,2020-06-10,5
UCAYALI,2020-06-10,4
AMAZONAS,2020-06-11,1
ANCASH,2020-06-11,10
AREQUIPA,2020-06-11,10
CAJAMARCA,2020-06-11,2
CALLAO,2020-06-11,16
CUSCO,2020-06-11,1
HUANUCO,2020-06-11,3
ICA,2020-06-11,18
JUNIN,2020-06-11,4
LA LIBERTAD,2020-06-11,32
LAMBAYEQUE,2020-06-11,23
LIMA,2020-06-11,120
LORETO,2020-06-11,7
MADRE DE DIOS,2020-06-11,1
MOQUEGUA,2020-06-11,1
PIURA,2020-06-11,17
PUNO,2020-06-11,2
SAN MARTIN,2020-06-11,11
TUMBES,2020-06-11,4
UCAYALI,2020-06-11,3
AMAZONAS,2020-06-12,3
ANCASH,2020-06-12,21
AREQUIPA,2020-06-12,11
AYACUCHO,2020-06-12,2
CAJAMARCA,2020-06-12,3
CALLAO,2020-06-12,5
CUSCO,2020-06-12,1
HUANUCO,2020-06-12,3
ICA,2020-06-12,14
JUNIN,2020-06-12,6
LA LIBERTAD,2020-06-12,29
LAMBAYEQUE,2020-06-12,13
LIMA,2020-06-12,115
LORETO,2020-06-12,10
MADRE DE DIOS,2020-06-12,2
PIURA,2020-06-12,26
PUNO,2020-06-12,2
SAN MARTIN,2020-06-12,15
TUMBES,2020-06-12,2
UCAYALI,2020-06-12,1
AMAZONAS,2020-06-13,1
ANCASH,2020-06-13,18
APURIMAC,2020-06-13,1
AREQUIPA,2020-06-13,3
AYACUCHO,2020-06-13,3
CAJAMARCA,2020-06-13,2
CALLAO,2020-06-13,13
CUSCO,2020-06-13,3
HUANCAVELICA,2020-06-13,1
HUANUCO,2020-06-13,2
ICA,2020-06-13,22
JUNIN,2020-06-13,10
LA LIBERTAD,2020-06-13,42
LAMBAYEQUE,2020-06-13,11
LIMA,2020-06-13,100
LORETO,2020-06-13,5
MADRE DE DIOS,2020-06-13,3
PIURA,2020-06-13,26
PUNO,2020-06-13,1
SAN MARTIN,2020-06-13,18
TUMBES,2020-06-13,3
UCAYALI,2020-06-13,7
AMAZONAS,2020-06-14,1
ANCASH,2020-06-14,10
APURIMAC,2020-06-14,1
AREQUIPA,2020-06-14,6
AYACUCHO,2020-06-14,2
CAJAMARCA,2020-06-14,1
CALLAO,2020-06-14,12
CUSCO,2020-06-14,1
HUANUCO,2020-06-14,4
ICA,2020-06-14,23
JUNIN,2020-06-14,6
LA LIBERTAD,2020-06-14,40
LAMBAYEQUE,2020-06-14,20
LIMA,2020-06-14,103
LORETO,2020-06-14,5
MADRE DE DIOS,2020-06-14,3
MOQUEGUA,2020-06-14,1
PASCO,2020-06-14,2
PIURA,2020-06-14,17
SAN MARTIN,2020-06-14,9
TACNA,2020-06-14,1
TUMBES,2020-06-14,6
UCAYALI,2020-06-14,2
AMAZONAS,2020-06-15,4
ANCASH,2020-06-15,20
AREQUIPA,2020-06-15,6
AYACUCHO,2020-06-15,1
CAJAMARCA,2020-06-15,5
CALLAO,2020-06-15,13
CUSCO,2020-06-15,1
HUANCAVELICA,2020-06-15,1
HUANUCO,2020-06-15,5
ICA,2020-06-15,12
LA LIBERTAD,2020-06-15,43
LAMBAYEQUE,2020-06-15,14
LIMA,2020-06-15,119
LORETO,2020-06-15,8
PASCO,2020-06-15,2
PIURA,2020-06-15,25
PUNO,2020-06-15,1
SAN MARTIN,2020-06-15,17
TACNA,2020-06-15,1
TUMBES,2020-06-15,9
UCAYALI,2020-06-15,2
AMAZONAS,2020-06-16,3
ANCASH,2020-06-16,11
APURIMAC,2020-06-16,1
AREQUIPA,2020-06-16,13
AYACUCHO,2020-06-16,2
CAJAMARCA,2020-06-16,3
CALLAO,2020-06-16,21
CUSCO,2020-06-16,1
HUANCAVELICA,2020-06-16,2
HUANUCO,2020-06-16,5
ICA,2020-06-16,26
JUNIN,2020-06-16,9
LA LIBERTAD,2020-06-16,44
LAMBAYEQUE,2020-06-16,18
LIMA,2020-06-16,95
LORETO,2020-06-16,3
MADRE DE DIOS,2020-06-16,1
PASCO,2020-06-16,1
PIURA,2020-06-16,19
PUNO,2020-06-16,1
SAN MARTIN,2020-06-16,16
TACNA,2020-06-16,2
TUMBES,2020-06-16,2
UCAYALI,2020-06-16,4
AMAZONAS,2020-06-17,3
ANCASH,2020-06-17,7
AREQUIPA,2020-06-17,11
AYACUCHO,2020-06-17,2
CAJAMARCA,2020-06-17,2
CALLAO,2020-06-17,8
CUSCO,2020-06-17,4
HUANUCO,2020-06-17,5
ICA,2020-06-17,20
JUNIN,2020-06-17,5
LA LIBERTAD,2020-06-17,32
LAMBAYEQUE,2020-06-17,16
LIMA,2020-06-17,118
LORETO,2020-06-17,9
MADRE DE DIOS,2020-06-17,2
MOQUEGUA,2020-06-17,2
PIURA,2020-06-17,25
PUNO,2020-06-17,3
SAN MARTIN,2020-06-17,20
TUMBES,2020-06-17,2
UCAYALI,2020-06-17,8
AMAZONAS,2020-06-18,3
ANCASH,2020-06-18,11
APURIMAC,2020-06-18,1
AREQUIPA,2020-06-18,9
AYACUCHO,2020-06-18,2
CAJAMARCA,2020-06-18,3
CALLAO,2020-06-18,7
HUANUCO,2020-06-18,2
ICA,2020-06-18,23
JUNIN,2020-06-18,5
LA LIBERTAD,2020-06-18,42
LAMBAYEQUE,2020-06-18,15
LIMA,2020-06-18,106
LORETO,2020-06-18,6
MADRE DE DIOS,2020-06-18,2
MOQUEGUA,2020-06-18,1
PASCO,2020-06-18,1
PIURA,2020-06-18,13
PUNO,2020-06-18,1
SAN MARTIN,2020-06-18,12
TUMBES,2020-06-18,1
UCAYALI,2020-06-18,2
AMAZONAS,2020-06-19,1
ANCASH,2020-06-19,16
AREQUIPA,2020-06-19,5
AYACUCHO,2020-06-19,1
CAJAMARCA,2020-06-19,4
CALLAO,2020-06-19,14
CUSCO,2020-06-19,2
HUANUCO,2020-06-19,6
ICA,2020-06-19,16
JUNIN,2020-06-19,1
LA LIBERTAD,2020-06-19,35
LAMBAYEQUE,2020-06-19,20
LIMA,2020-06-19,103
LORETO,2020-06-19,6
MADRE DE DIOS,2020-06-19,1
PIURA,2020-06-19,36
PUNO,2020-06-19,2
SAN MARTIN,2020-06-19,12
TACNA,2020-06-19,1
TUMBES,2020-06-19,5
UCAYALI,2020-06-19,4
AMAZONAS,2020-06-20,2
ANCASH,2020-06-20,12
APURIMAC,2020-06-20,1
AREQUIPA,2020-06-20,7
AYACUCHO,2020-06-20,1
CAJAMARCA,2020-06-20,4
CALLAO,2020-06-20,14
HUANUCO,2020-06-20,3
ICA,2020-06-20,30
JUNIN,2020-06-20,1
LA LIBERTAD,2020-06-20,33
LAMBAYEQUE,2020-06-20,16
LIMA,2020-06-20,105
LORETO,2020-06-20,4
MADRE DE DIOS,2020-06-20,4
MOQUEGUA,2020-06-20,1
PASCO,2020-06-20,3
PIURA,2020-06-20,24
SAN MARTIN,2020-06-20,21
TUMBES,2020-06-20,2
UCAYALI,2020-06-20,2
AMAZONAS,2020-06-21,5
ANCASH,2020-06-21,11
APURIMAC,2020-06-21,2
AREQUIPA,2020-06-21,13
AYACUCHO,2020-06-21,6
CAJAMARCA,2020-06-21,2
CALLAO,2020-06-21,9
HUANUCO,2020-06-21,8
ICA,2020-06-21,23
JUNIN,2020-06-21,1
LA LIBERTAD,2020-06-21,36
LAMBAYEQUE,2020-06-21,7
LIMA,2020-06-21,92
LORETO,2020-06-21,3
MADRE DE DIOS,2020-06-21,5
PASCO,2020-06-21,4
PIURA,2020-06-21,18
SAN MARTIN,2020-06-21,9
TUMBES,2020-06-21,4
UCAYALI,2020-06-21,2
AMAZONAS,2020-06-22,1
ANCASH,2020-06-22,13
AREQUIPA,2020-06-22,9
AYACUCHO,2020-06-22,1
CAJAMARCA,2020-06-22,6
CALLAO,2020-06-22,5
HUANUCO,2020-06-22,4
ICA,2020-06-22,20
JUNIN,2020-06-22,4
LA LIBERTAD,2020-06-22,41
LAMBAYEQUE,2020-06-22,9
LIMA,2020-06-22,99
LORETO,2020-06-22,3
MADRE DE DIOS,2020-06-22,4
PIURA,2020-06-22,21
PUNO,2020-06-22,1
SAN MARTIN,2020-06-22,15
TUMBES,2020-06-22,7
UCAYALI,2020-06-22,2
ANCASH,2020-06-23,9
AREQUIPA,2020-06-23,15
AYACUCHO,2020-06-23,1
CAJAMARCA,2020-06-23,4
CALLAO,2020-06-23,8
HUANCAVELICA,2020-06-23,1
HUANUCO,2020-06-23,3
ICA,2020-06-23,20
JUNIN,2020-06-23,4
LA LIBERTAD,2020-06-23,32
LAMBAYEQUE,2020-06-23,15
LIMA,2020-06-23,103
LORETO,2020-06-23,3
MADRE DE DIOS,2020-06-23,3
MOQUEGUA,2020-06-23,2
PASCO,2020-06-23,1
PIURA,2020-06-23,27
SAN MARTIN,2020-06-23,11
TACNA,2020-06-23,2
TUMBES,2020-06-23,2
UCAYALI,2020-06-23,3
AMAZONAS,2020-06-24,4
ANCASH,2020-06-24,8
APURIMAC,2020-06-24,1
AREQUIPA,2020-06-24,6
AYACUCHO,2020-06-24,1
CAJAMARCA,2020-06-24,5
CALLAO,2020-06-24,9
CUSCO,2020-06-24,1
HUANUCO,2020-06-24,5
ICA,2020-06-24,21
JUNIN,2020-06-24,4
LA LIBERTAD,2020-06-24,40
LAMBAYEQUE,2020-06-24,17
LIMA,2020-06-24,88
LORETO,2020-06-24,5
MADRE DE DIOS,2020-06-24,7
MOQUEGUA,2020-06-24,3
PIURA,2020-06-24,25
SAN MARTIN,2020-06-24,16
TUMBES,2020-06-24,1
AMAZONAS,2020-06-25,3
ANCASH,2020-06-25,8
AREQUIPA,2020-06-25,3
AYACUCHO,2020-06-25,1
CAJAMARCA,2020-06-25,1
CALLAO,2020-06-25,12
CUSCO,2020-06-25,3
HUANCAVELICA,2020-06-25,1
HUANUCO,2020-06-25,4
ICA,2020-06-25,23
JUNIN,2020-06-25,4
LA LIBERTAD,2020-06-25,36
LAMBAYEQUE,2020-06-25,10
LIMA,2020-06-25,102
MADRE DE DIOS,2020-06-25,1
PASCO,2020-06-25,1
PIURA,2020-06-25,20
PUNO,2020-06-25,2
SAN MARTIN,2020-06-25,16
TACNA,2020-06-25,1
TUMBES,2020-06-25,7
UCAYALI,2020-06-25,1
AMAZONAS,2020-06-26,6
ANCASH,2020-06-26,14
APURIMAC,2020-06-26,1
AREQUIPA,2020-06-26,13
AYACUCHO,2020-06-26,3
CAJAMARCA,2020-06-26,7
CALLAO,2020-06-26,12
CUSCO,2020-06-26,1
HUANUCO,2020-06-26,6
ICA,2020-06-26,16
JUNIN,2020-06-26,4
LA LIBERTAD,2020-06-26,20
LAMBAYEQUE,2020-06-26,13
LIMA,2020-06-26,117
LORETO,2020-06-26,5
MADRE DE DIOS,2020-06-26,4
PIURA,2020-06-26,14
SAN MARTIN,2020-06-26,19
TUMBES,2020-06-26,3
AMAZONAS,2020-06-27,5
ANCASH,2020-06-27,9
AREQUIPA,2020-06-27,5
AYACUCHO,2020-06-27,2
CAJAMARCA,2020-06-27,11
CALLAO,2020-06-27,15
CUSCO,2020-06-27,1
HUANUCO,2020-06-27,3
ICA,2020-06-27,14
JUNIN,2020-06-27,5
LA LIBERTAD,2020-06-27,37
LAMBAYEQUE,2020-06-27,13
LIMA,2020-06-27,101
LORETO,2020-06-27,2
MADRE DE DIOS,2020-06-27,1
MOQUEGUA,2020-06-27,2
PIURA,2020-06-27,23
PUNO,2020-06-27,1
SAN MARTIN,2020-06-27,16
TACNA,2020-06-27,1
TUMBES,2020-06-27,2
UCAYALI,2020-06-27,3
AMAZONAS,2020-06-28,5
ANCASH,2020-06-28,20
APURIMAC,2020-06-28,2
AREQUIPA,2020-06-28,15
AYACUCHO,2020-06-28,3
CAJAMARCA,2020-06-28,11
CALLAO,2020-06-28,8
CUSCO,2020-06-28,2
HUANUCO,2020-06-28,3
ICA,2020-06-28,18
JUNIN,2020-06-28,2
LA LIBERTAD,2020-06-28,36
LAMBAYEQUE,2020-06-28,10
LIMA,2020-06-28,111
LORETO,2020-06-28,3
MADRE DE DIOS,2020-06-28,3
PIURA,2020-06-28,16
SAN MARTIN,2020-06-28,17
TACNA,2020-06-28,1
UCAYALI,2020-06-28,3
AMAZONAS,2020-06-29,6
ANCASH,2020-06-29,13
APURIMAC,2020-06-29,1
AREQUIPA,2020-06-29,8
AYACUCHO,2020-06-29,2
CAJAMARCA,2020-06-29,10
CALLAO,2020-06-29,6
CUSCO,2020-06-29,1
HUANUCO,2020-06-29,10
ICA,2020-06-29,16
JUNIN,2020-06-29,3
LA LIBERTAD,2020-06-29,40
LAMBAYEQUE,2020-06-29,6
LIMA,2020-06-29,79
LORETO,2020-06-29,1
MADRE DE DIOS,2020-06-29,3
MOQUEGUA,2020-06-29,4
PASCO,2020-06-29,1
PIURA,2020-06-29,17
PUNO,2020-06-29,2
SAN MARTIN,2020-06-29,17
TUMBES,2020-06-29,1
AMAZONAS,2020-06-30,3
ANCASH,2020-06-30,11
AREQUIPA,2020-06-30,11
AYACUCHO,2020-06-30,2
CAJAMARCA,2020-06-30,9
CALLAO,2020-06-30,8
CUSCO,2020-06-30,1
HUANCAVELICA,2020-06-30,1
ICA,2020-06-30,18
JUNIN,2020-06-30,2
LA LIBERTAD,2020-06-30,42
LAMBAYEQUE,2020-06-30,4
LIMA,2020-06-30,101
LORETO,2020-06-30,1
MADRE DE DIOS,2020-06-30,4
MOQUEGUA,2020-06-30,2
PASCO,2020-06-30,3
PIURA,2020-06-30,16
PUNO,2020-06-30,1
SAN MARTIN,2020-06-30,12
TACNA,2020-06-30,2
TUMBES,2020-06-30,2
UCAYALI,2020-06-30,3
AMAZONAS,2020-07-01,2
ANCASH,2020-07-01,9
AREQUIPA,2020-07-01,16
AYACUCHO,2020-07-01,1
CAJAMARCA,2020-07-01,6
CALLAO,2020-07-01,10
HUANUCO,2020-07-01,5
ICA,2020-07-01,12
JUNIN,2020-07-01,6
LA LIBERTAD,2020-07-01,27
LAMBAYEQUE,2020-07-01,5
LIMA,2020-07-01,80
LORETO,2020-07-01,1
MADRE DE DIOS,2020-07-01,5
MOQUEGUA,2020-07-01,2
PIURA,2020-07-01,10
PUNO,2020-07-01,3
SAN MARTIN,2020-07-01,9
TUMBES,2020-07-01,2
UCAYALI,2020-07-01,1
AMAZONAS,2020-07-02,2
ANCASH,2020-07-02,8
APURIMAC,2020-07-02,1
AREQUIPA,2020-07-02,10
AYACUCHO,2020-07-02,1
CAJAMARCA,2020-07-02,10
CALLAO,2020-07-02,3
HUANCAVELICA,2020-07-02,1
HUANUCO,2020-07-02,3
ICA,2020-07-02,6
JUNIN,2020-07-02,4
LA LIBERTAD,2020-07-02,30
LAMBAYEQUE,2020-07-02,8
LIMA,2020-07-02,81
LORETO,2020-07-02,1
MADRE DE DIOS,2020-07-02,2
PIURA,2020-07-02,13
PUNO,2020-07-02,2
SAN MARTIN,2020-07-02,8
TACNA,2020-07-02,1
TUMBES,2020-07-02,2
UCAYALI,2020-07-02,1
AMAZONAS,2020-07-03,3
ANCASH,2020-07-03,8
AREQUIPA,2020-07-03,12
AYACUCHO,2020-07-03,3
CAJAMARCA,2020-07-03,8
CALLAO,2020-07-03,4
CUSCO,2020-07-03,1
HUANUCO,2020-07-03,3
ICA,2020-07-03,11
JUNIN,2020-07-03,6
LA LIBERTAD,2020-07-03,21
LAMBAYEQUE,2020-07-03,4
LIMA,2020-07-03,94
LORETO,2020-07-03,2
MADRE DE DIOS,2020-07-03,1
MOQUEGUA,2020-07-03,2
PASCO,2020-07-03,1
PIURA,2020-07-03,5
PUNO,2020-07-03,1
SAN MARTIN,2020-07-03,5
AMAZONAS,2020-07-04,3
ANCASH,2020-07-04,2
AREQUIPA,2020-07-04,7
AYACUCHO,2020-07-04,2
CAJAMARCA,2020-07-04,6
CALLAO,2020-07-04,8
CUSCO,2020-07-04,1
HUANCAVELICA,2020-07-04,2
HUANUCO,2020-07-04,5
ICA,2020-07-04,16
JUNIN,2020-07-04,6
LA LIBERTAD,2020-07-04,14
LIMA,2020-07-04,77
LORETO,2020-07-04,1
MOQUEGUA,2020-07-04,3
PIURA,2020-07-04,3
SAN MARTIN,2020-07-04,6
TACNA,2020-07-04,1
AMAZONAS,2020-07-05,3
ANCASH,2020-07-05,7
AREQUIPA,2020-07-05,14
AYACUCHO,2020-07-05,2
CAJAMARCA,2020-07-05,11
CALLAO,2020-07-05,6
CUSCO,2020-07-05,1
HUANCAVELICA,2020-07-05,1
HUANUCO,2020-07-05,3
ICA,2020-07-05,10
JUNIN,2020-07-05,5
LA LIBERTAD,2020-07-05,14
LAMBAYEQUE,2020-07-05,6
LIMA,2020-07-05,78
MADRE DE DIOS,2020-07-05,3
MOQUEGUA,2020-07-05,1
PASCO,2020-07-05,1
PIURA,2020-07-05,6
PUNO,2020-07-05,3
SAN MARTIN,2020-07-05,8
UCAYALI,2020-07-05,3
AMAZONAS,2020-07-06,5
ANCASH,2020-07-06,6
APURIMAC,2020-07-06,1
AREQUIPA,2020-07-06,10
AYACUCHO,2020-07-06,3
CAJAMARCA,2020-07-06,16
CALLAO,2020-07-06,9
HUANCAVELICA,2020-07-06,2
HUANUCO,2020-07-06,4
ICA,2020-07-06,12
JUNIN,2020-07-06,12
LA LIBERTAD,2020-07-06,17
LAMBAYEQUE,2020-07-06,2
LIMA,2020-07-06,55
LORETO,2020-07-06,2
MOQUEGUA,2020-07-06,3
PIURA,2020-07-06,3
PUNO,2020-07-06,1
SAN MARTIN,2020-07-06,4
AMAZONAS,2020-07-07,1
ANCASH,2020-07-07,9
AREQUIPA,2020-07-07,10
AYACUCHO,2020-07-07,4
CAJAMARCA,2020-07-07,7
CALLAO,2020-07-07,5
CUSCO,2020-07-07,1
HUANCAVELICA,2020-07-07,1
HUANUCO,2020-07-07,3
ICA,2020-07-07,15
JUNIN,2020-07-07,10
LA LIBERTAD,2020-07-07,18
LAMBAYEQUE,2020-07-07,2
LIMA,2020-07-07,67
LORETO,2020-07-07,1
MADRE DE DIOS,2020-07-07,2
MOQUEGUA,2020-07-07,2
PIURA,2020-07-07,1
PUNO,2020-07-07,1
SAN MARTIN,2020-07-07,9
TACNA,2020-07-07,1
UCAYALI,2020-07-07,1
ANCASH,2020-07-08,5
APURIMAC,2020-07-08,1
AREQUIPA,2020-07-08,13
AYACUCHO,2020-07-08,1
CAJAMARCA,2020-07-08,11
CALLAO,2020-07-08,10
HUANCAVELICA,2020-07-08,3
HUANUCO,2020-07-08,2
ICA,2020-07-08,8
JUNIN,2020-07-08,2
LA LIBERTAD,2020-07-08,13
LAMBAYEQUE,2020-07-08,3
LIMA,2020-07-08,96
LORETO,2020-07-08,1
MADRE DE DIOS,2020-07-08,1
MOQUEGUA,2020-07-08,4
PIURA,2020-07-08,11
PUNO,2020-07-08,2
SAN MARTIN,2020-07-08,15
TACNA,2020-07-08,1
UCAYALI,2020-07-08,1
AMAZONAS,2020-07-09,2
ANCASH,2020-07-09,2
AREQUIPA,2020-07-09,12
AYACUCHO,2020-07-09,3
CAJAMARCA,2020-07-09,4
CALLAO,2020-07-09,9
CUSCO,2020-07-09,1
HUANCAVELICA,2020-07-09,2
HUANUCO,2020-07-09,2
ICA,2020-07-09,12
JUNIN,2020-07-09,7
LA LIBERTAD,2020-07-09,7
LAMBAYEQUE,2020-07-09,4
LIMA,2020-07-09,88
LORETO,2020-07-09,1
MADRE DE DIOS,2020-07-09,2
MOQUEGUA,2020-07-09,2
PIURA,2020-07-09,7
PUNO,2020-07-09,1
SAN MARTIN,2020-07-09,5
TACNA,2020-07-09,2
AMAZONAS,2020-07-10,6
ANCASH,2020-07-10,7
APURIMAC,2020-07-10,1
AREQUIPA,2020-07-10,22
AYACUCHO,2020-07-10,1
CAJAMARCA,2020-07-10,4
CALLAO,2020-07-10,5
HUANUCO,2020-07-10,3
ICA,2020-07-10,14
JUNIN,2020-07-10,6
LA LIBERTAD,2020-07-10,14
LAMBAYEQUE,2020-07-10,9
LIMA,2020-07-10,87
LORETO,2020-07-10,3
MOQUEGUA,2020-07-10,2
PIURA,2020-07-10,2
SAN MARTIN,2020-07-10,5
TACNA,2020-07-10,1
UCAYALI,2020-07-10,1
AMAZONAS,2020-07-11,3
ANCASH,2020-07-11,8
AREQUIPA,2020-07-11,16
AYACUCHO,2020-07-11,5
CAJAMARCA,2020-07-11,4
CALLAO,2020-07-11,8
CUSCO,2020-07-11,2
HUANUCO,2020-07-11,2
ICA,2020-07-11,16
JUNIN,2020-07-11,9
LA LIBERTAD,2020-07-11,14
LAMBAYEQUE,2020-07-11,5
LIMA,2020-07-11,83
LORETO,2020-07-11,1
MADRE DE DIOS,2020-07-11,1
MOQUEGUA,2020-07-11,3
PASCO,2020-07-11,3
PIURA,2020-07-11,10
PUNO,2020-07-11,1
SAN MARTIN,2020-07-11,7
TACNA,2020-07-11,3
AMAZONAS,2020-07-12,1
ANCASH,2020-07-12,6
AREQUIPA,2020-07-12,21
AYACUCHO,2020-07-12,7
CAJAMARCA,2020-07-12,2
CALLAO,2020-07-12,7
CUSCO,2020-07-12,1
HUANUCO,2020-07-12,9
ICA,2020-07-12,13
JUNIN,2020-07-12,8
LA LIBERTAD,2020-07-12,15
LAMBAYEQUE,2020-07-12,1
LIMA,2020-07-12,81
LORETO,2020-07-12,1
MADRE DE DIOS,2020-07-12,1
MOQUEGUA,2020-07-12,1
PASCO,2020-07-12,1
PIURA,2020-07-12,6
PUNO,2020-07-12,1
SAN MARTIN,2020-07-12,10
TACNA,2020-07-12,1
UCAYALI,2020-07-12,4
AMAZONAS,2020-07-13,3
ANCASH,2020-07-13,6
AREQUIPA,2020-07-13,22
AYACUCHO,2020-07-13,2
CALLAO,2020-07-13,3
HUANUCO,2020-07-13,6
ICA,2020-07-13,10
JUNIN,2020-07-13,8
LA LIBERTAD,2020-07-13,23
LAMBAYEQUE,2020-07-13,4
LIMA,2020-07-13,73
LORETO,2020-07-13,1
MOQUEGUA,2020-07-13,4
PASCO,2020-07-13,1
PIURA,2020-07-13,6
SAN MARTIN,2020-07-13,5
TACNA,2020-07-13,7
UCAYALI,2020-07-13,3
AMAZONAS,2020-07-14,1
ANCASH,2020-07-14,4
AREQUIPA,2020-07-14,25
AYACUCHO,2020-07-14,5
CAJAMARCA,2020-07-14,3
CALLAO,2020-07-14,10
CUSCO,2020-07-14,2
HUANUCO,2020-07-14,5
ICA,2020-07-14,14
JUNIN,2020-07-14,12
LA LIBERTAD,2020-07-14,16
LAMBAYEQUE,2020-07-14,2
LIMA,2020-07-14,79
LORETO,2020-07-14,2
MADRE DE DIOS,2020-07-14,1
MOQUEGUA,2020-07-14,8
PASCO,2020-07-14,2
PIURA,2020-07-14,2
SAN MARTIN,2020-07-14,7
TACNA,2020-07-14,1
TUMBES,2020-07-14,2
AMAZONAS,2020-07-15,4
ANCASH,2020-07-15,10
APURIMAC,2020-07-15,2
AREQUIPA,2020-07-15,21
AYACUCHO,2020-07-15,4
CAJAMARCA,2020-07-15,1
CALLAO,2020-07-15,13
CUSCO,2020-07-15,1
HUANUCO,2020-07-15,5
ICA,2020-07-15,8
JUNIN,2020-07-15,8
LA LIBERTAD,2020-07-15,14
LAMBAYEQUE,2020-07-15,3
LIMA,2020-07-15,93
LORETO,2020-07-15,2
MOQUEGUA,2020-07-15,5
PASCO,2020-07-15,1
PIURA,2020-07-15,7
PUNO,2020-07-15,2
SAN MARTIN,2020-07-15,2
TACNA,2020-07-15,1
UCAYALI,2020-07-15,3
ANCASH,2020-07-16,7
AREQUIPA,2020-07-16,13
AYACUCHO,2020-07-16,8
CAJAMARCA,2020-07-16,5
CALLAO,2020-07-16,7
CUSCO,2020-07-16,5
HUANCAVELICA,2020-07-16,2
HUANUCO,2020-07-16,5
ICA,2020-07-16,10
JUNIN,2020-07-16,11
LA LIBERTAD,2020-07-16,13
LAMBAYEQUE,2020-07-16,5
LIMA,2020-07-16,83
MADRE DE DIOS,2020-07-16,1
MOQUEGUA,2020-07-16,5
PASCO,2020-07-16,1
PIURA,2020-07-16,7
PUNO,2020-07-16,2
SAN MARTIN,2020-07-16,5
TACNA,2020-07-16,3
UCAYALI,2020-07-16,2
ANCASH,2020-07-17,9
AREQUIPA,2020-07-17,26
AYACUCHO,2020-07-17,1
CAJAMARCA,2020-07-17,2
CALLAO,2020-07-17,9
CUSCO,2020-07-17,2
HUANCAVELICA,2020-07-17,1
HUANUCO,2020-07-17,3
ICA,2020-07-17,11
JUNIN,2020-07-17,14
LA LIBERTAD,2020-07-17,12
LAMBAYEQUE,2020-07-17,4
LIMA,2020-07-17,93
LORETO,2020-07-17,2
MADRE DE DIOS,2020-07-17,1
MOQUEGUA,2020-07-17,2
PASCO,2020-07-17,1
PIURA,2020-07-17,1
PUNO,2020-07-17,2
SAN MARTIN,2020-07-17,3
TACNA,2020-07-17,1
TUMBES,2020-07-17,2
UCAYALI,2020-07-17,1
AMAZONAS,2020-07-18,2
ANCASH,2020-07-18,9
APURIMAC,2020-07-18,2
AREQUIPA,2020-07-18,21
AYACUCHO,2020-07-18,4
CAJAMARCA,2020-07-18,2
CALLAO,2020-07-18,6
CUSCO,2020-07-18,4
HUANUCO,2020-07-18,4
ICA,2020-07-18,7
JUNIN,2020-07-18,11
LA LIBERTAD,2020-07-18,10
LAMBAYEQUE,2020-07-18,2
LIMA,2020-07-18,85
LORETO,2020-07-18,1
MOQUEGUA,2020-07-18,5
PASCO,2020-07-18,2
PIURA,2020-07-18,6
PUNO,2020-07-18,5
SAN MARTIN,2020-07-18,6
TACNA,2020-07-18,1
TUMBES,2020-07-18,1
UCAYALI,2020-07-18,1
AMAZONAS,2020-07-19,4
ANCASH,2020-07-19,10
AREQUIPA,2020-07-19,15
AYACUCHO,2020-07-19,4
CAJAMARCA,2020-07-19,4
CALLAO,2020-07-19,9
CUSCO,2020-07-19,1
HUANCAVELICA,2020-07-19,1
HUANUCO,2020-07-19,2
ICA,2020-07-19,9
JUNIN,2020-07-19,4
LA LIBERTAD,2020-07-19,14
LAMBAYEQUE,2020-07-19,9
LIMA,2020-07-19,87
MADRE DE DIOS,2020-07-19,1
MOQUEGUA,2020-07-19,12
PIURA,2020-07-19,6
PUNO,2020-07-19,1
SAN MARTIN,2020-07-19,5
TACNA,2020-07-19,1
UCAYALI,2020-07-19,1
AMAZONAS,2020-07-20,2
ANCASH,2020-07-20,3
APURIMAC,2020-07-20,1
AREQUIPA,2020-07-20,15
AYACUCHO,2020-07-20,5
CAJAMARCA,2020-07-20,2
CALLAO,2020-07-20,3
CUSCO,2020-07-20,5
HUANUCO,2020-07-20,3
ICA,2020-07-20,10
JUNIN,2020-07-20,6
LA LIBERTAD,2020-07-20,7
LAMBAYEQUE,2020-07-20,1
LIMA,2020-07-20,78
LORETO,2020-07-20,2
MOQUEGUA,2020-07-20,11
PASCO,2020-07-20,1
PIURA,2020-07-20,6
PUNO,2020-07-20,1
SAN MARTIN,2020-07-20,9
TACNA,2020-07-20,1
TUMBES,2020-07-20,1
AMAZONAS,2020-07-21,1
ANCASH,2020-07-21,5
APURIMAC,2020-07-21,1
AREQUIPA,2020-07-21,16
AYACUCHO,2020-07-21,6
CAJAMARCA,2020-07-21,1
CALLAO,2020-07-21,4
CUSCO,2020-07-21,2
HUANCAVELICA,2020-07-21,2
HUANUCO,2020-07-21,5
ICA,2020-07-21,9
JUNIN,2020-07-21,7
LA LIBERTAD,2020-07-21,12
LAMBAYEQUE,2020-07-21,4
LIMA,2020-07-21,74
MADRE DE DIOS,2020-07-21,1
MOQUEGUA,2020-07-21,5
PIURA,2020-07-21,6
PUNO,2020-07-21,1
SAN MARTIN,2020-07-21,7
UCAYALI,2020-07-21,2
AMAZONAS,2020-07-22,3
ANCASH,2020-07-22,7
APURIMAC,2020-07-22,2
AREQUIPA,2020-07-22,27
AYACUCHO,2020-07-22,5
CAJAMARCA,2020-07-22,2
CALLAO,2020-07-22,9
CUSCO,2020-07-22,10
HUANUCO,2020-07-22,2
ICA,2020-07-22,7
JUNIN,2020-07-22,11
LA LIBERTAD,2020-07-22,17
LAMBAYEQUE,2020-07-22,2
LIMA,2020-07-22,86
LORETO,2020-07-22,1
MOQUEGUA,2020-07-22,4
PIURA,2020-07-22,6
PUNO,2020-07-22,1
SAN MARTIN,2020-07-22,7
TACNA,2020-07-22,3
TUMBES,2020-07-22,1
AMAZONAS,2020-07-23,2
ANCASH,2020-07-23,6
AREQUIPA,2020-07-23,21
AYACUCHO,2020-07-23,8
CAJAMARCA,2020-07-23,3
CALLAO,2020-07-23,11
CUSCO,2020-07-23,1
HUANCAVELICA,2020-07-23,2
HUANUCO,2020-07-23,5
ICA,2020-07-23,10
JUNIN,2020-07-23,9
LA LIBERTAD,2020-07-23,14
LAMBAYEQUE,2020-07-23,4
LIMA,2020-07-23,82
MADRE DE DIOS,2020-07-23,2
MOQUEGUA,2020-07-23,2
PASCO,2020-07-23,1
PIURA,2020-07-23,7
PUNO,2020-07-23,2
SAN MARTIN,2020-07-23,7
TACNA,2020-07-23,2
AMAZONAS,2020-07-24,2
ANCASH,2020-07-24,11
APURIMAC,2020-07-24,1
AREQUIPA,2020-07-24,15
AYACUCHO,2020-07-24,8
CAJAMARCA,2020-07-24,5
CALLAO,2020-07-24,6
CUSCO,2020-07-24,1
HUANUCO,2020-07-24,3
ICA,2020-07-24,6
JUNIN,2020-07-24,12
LA LIBERTAD,2020-07-24,14
LIMA,2020-07-24,81
LORETO,2020-07-24,2
MOQUEGUA,2020-07-24,2
PIURA,2020-07-24,5
PUNO,2020-07-24,3
SAN MARTIN,2020-07-24,1
TACNA,2020-07-24,2
UCAYALI,2020-07-24,2
AMAZONAS,2020-07-25,4
ANCASH,2020-07-25,8
APURIMAC,2020-07-25,3
AREQUIPA,2020-07-25,18
AYACUCHO,2020-07-25,3
CAJAMARCA,2020-07-25,8
CALLAO,2020-07-25,1
CUSCO,2020-07-25,4
HUANCAVELICA,2020-07-25,3
HUANUCO,2020-07-25,4
ICA,2020-07-25,5
JUNIN,2020-07-25,7
LA LIBERTAD,2020-07-25,8
LAMBAYEQUE,2020-07-25,3
LIMA,2020-07-25,76
PASCO,2020-07-25,2
PIURA,2020-07-25,4
PUNO,2020-07-25,4
TUMBES,2020-07-25,1
AMAZONAS,2020-07-26,2
ANCASH,2020-07-26,3
APURIMAC,2020-07-26,1
AREQUIPA,2020-07-26,14
AYACUCHO,2020-07-26,7
CAJAMARCA,2020-07-26,4
CUSCO,2020-07-26,2
HUANCAVELICA,2020-07-26,1
HUANUCO,2020-07-26,2
ICA,2020-07-26,6
JUNIN,2020-07-26,5
LA LIBERTAD,2020-07-26,10
LAMBAYEQUE,2020-07-26,3
LIMA,2020-07-26,68
MOQUEGUA,2020-07-26,1
PASCO,2020-07-26,1
PIURA,2020-07-26,5
PUNO,2020-07-26,6
SAN MARTIN,2020-07-26,2
UCAYALI,2020-07-26,1
AMAZONAS,2020-07-27,1
ANCASH,2020-07-27,3
AREQUIPA,2020-07-27,15
AYACUCHO,2020-07-27,8
CAJAMARCA,2020-07-27,3
CUSCO,2020-07-27,2
HUANUCO,2020-07-27,1
ICA,2020-07-27,11
JUNIN,2020-07-27,6
LA LIBERTAD,2020-07-27,11
LAMBAYEQUE,2020-07-27,4
LIMA,2020-07-27,66
MOQUEGUA,2020-07-27,2
PASCO,2020-07-27,1
PIURA,2020-07-27,3
PUNO,2020-07-27,2
SAN MARTIN,2020-07-27,1
TACNA,2020-07-27,1
UCAYALI,2020-07-27,2
ANCASH,2020-07-28,5
APURIMAC,2020-07-28,1
AREQUIPA,2020-07-28,7
AYACUCHO,2020-07-28,1
CAJAMARCA,2020-07-28,2
CUSCO,2020-07-28,5
ICA,2020-07-28,7
JUNIN,2020-07-28,12
LA LIBERTAD,2020-07-28,7
LAMBAYEQUE,2020-07-28,4
LIMA,2020-07-28,87
LORETO,2020-07-28,1
MADRE DE DIOS,2020-07-28,1
MOQUEGUA,2020-07-28,1
PIURA,2020-07-28,2
PUNO,2020-07-28,2
SAN MARTIN,2020-07-28,1
AMAZONAS,2020-07-29,1
ANCASH,2020-07-29,7
APURIMAC,2020-07-29,1
AREQUIPA,2020-07-29,8
AYACUCHO,2020-07-29,4
CAJAMARCA,2020-07-29,2
CUSCO,2020-07-29,2
HUANCAVELICA,2020-07-29,1
HUANUCO,2020-07-29,2
ICA,2020-07-29,10
JUNIN,2020-07-29,6
LA LIBERTAD,2020-07-29,4
LAMBAYEQUE,2020-07-29,1
LIMA,2020-07-29,79
MOQUEGUA,2020-07-29,2
PASCO,2020-07-29,3
PIURA,2020-07-29,3
SAN MARTIN,2020-07-29,3
TACNA,2020-07-29,3
TUMBES,2020-07-29,2
UCAYALI,2020-07-29,2
AMAZONAS,2020-07-30,1
ANCASH,2020-07-30,7
APURIMAC,2020-07-30,1
AREQUIPA,2020-07-30,15
AYACUCHO,2020-07-30,7
CAJAMARCA,2020-07-30,2
CUSCO,2020-07-30,6
HUANUCO,2020-07-30,2
ICA,2020-07-30,7
JUNIN,2020-07-30,8
LA LIBERTAD,2020-07-30,10
LAMBAYEQUE,2020-07-30,3
LIMA,2020-07-30,71
LORETO,2020-07-30,1
MADRE DE DIOS,2020-07-30,3
MOQUEGUA,2020-07-30,2
PASCO,2020-07-30,2
PIURA,2020-07-30,5
PUNO,2020-07-30,1
SAN MARTIN,2020-07-30,6
TACNA,2020-07-30,2
TUMBES,2020-07-30,3
AMAZONAS,2020-07-31,2
ANCASH,2020-07-31,2
APURIMAC,2020-07-31,1
AREQUIPA,2020-07-31,14
AYACUCHO,2020-07-31,5
CAJAMARCA,2020-07-31,2
CUSCO,2020-07-31,8
HUANUCO,2020-07-31,1
ICA,2020-07-31,10
JUNIN,2020-07-31,4
LA LIBERTAD,2020-07-31,14
LAMBAYEQUE,2020-07-31,6
LIMA,2020-07-31,82
MOQUEGUA,2020-07-31,3
PASCO,2020-07-31,2
PIURA,2020-07-31,1
PUNO,2020-07-31,5
SAN MARTIN,2020-07-31,3
TACNA,2020-07-31,1
AMAZONAS,2020-08-01,1
ANCASH,2020-08-01,5
AREQUIPA,2020-08-01,21
AYACUCHO,2020-08-01,4
CAJAMARCA,2020-08-01,5
CUSCO,2020-08-01,10
HUANUCO,2020-08-01,2
ICA,2020-08-01,11
JUNIN,2020-08-01,12
LA LIBERTAD,2020-08-01,8
LAMBAYEQUE,2020-08-01,1
LIMA,2020-08-01,93
LORETO,2020-08-01,3
MADRE DE DIOS,2020-08-01,4
MOQUEGUA,2020-08-01,7
PASCO,2020-08-01,1
PIURA,2020-08-01,8
PUNO,2020-08-01,4
SAN MARTIN,2020-08-01,1
TACNA,2020-08-01,1
UCAYALI,2020-08-01,2
AMAZONAS,2020-08-02,1
ANCASH,2020-08-02,6
AREQUIPA,2020-08-02,16
AYACUCHO,2020-08-02,4
CAJAMARCA,2020-08-02,3
CUSCO,2020-08-02,9
HUANCAVELICA,2020-08-02,1
HUANUCO,2020-08-02,1
ICA,2020-08-02,11
JUNIN,2020-08-02,7
LA LIBERTAD,2020-08-02,10
LAMBAYEQUE,2020-08-02,9
LIMA,2020-08-02,70
LORETO,2020-08-02,2
MOQUEGUA,2020-08-02,1
PIURA,2020-08-02,8
PUNO,2020-08-02,5
SAN MARTIN,2020-08-02,3
UCAYALI,2020-08-02,1
AMAZONAS,2020-08-03,1
ANCASH,2020-08-03,4
AREQUIPA,2020-08-03,14
AYACUCHO,2020-08-03,6
CAJAMARCA,2020-08-03,5
CUSCO,2020-08-03,4
HUANUCO,2020-08-03,6
ICA,2020-08-03,12
JUNIN,2020-08-03,6
LA LIBERTAD,2020-08-03,6
LAMBAYEQUE,2020-08-03,3
LORETO,2020-08-03,1
PIURA,2020-08-03,2
PUNO,2020-08-03,1
AMAZONAS,2020-08-04,1
ANCASH,2020-08-04,12
APURIMAC,2020-08-04,1
AREQUIPA,2020-08-04,25
AYACUCHO,2020-08-04,6
CAJAMARCA,2020-08-04,7
CALLAO,2020-08-04,3
CUSCO,2020-08-04,10
HUANUCO,2020-08-04,6
ICA,2020-08-04,13
JUNIN,2020-08-04,10
LA LIBERTAD,2020-08-04,12
LAMBAYEQUE,2020-08-04,4
LIMA,2020-08-04,87
LORETO,2020-08-04,3
MADRE DE DIOS,2020-08-04,2
MOQUEGUA,2020-08-04,8
PASCO,2020-08-04,2
PIURA,2020-08-04,13
PUNO,2020-08-04,2
SAN MARTIN,2020-08-04,1
TACNA,2020-08-04,1
ANCASH,2020-08-05,10
AREQUIPA,2020-08-05,9
AYACUCHO,2020-08-05,2
CAJAMARCA,2020-08-05,1
CALLAO,2020-08-05,7
CUSCO,2020-08-05,2
HUANUCO,2020-08-05,1
ICA,2020-08-05,12
JUNIN,2020-08-05,8
LA LIBERTAD,2020-08-05,6
LAMBAYEQUE,2020-08-05,7
LIMA,2020-08-05,84
LORETO,2020-08-05,2
MOQUEGUA,2020-08-05,1
PIURA,2020-08-05,8
PUNO,2020-08-05,4
SAN MARTIN,2020-08-05,3
TACNA,2020-08-05,4
UCAYALI,2020-08-05,2
ANCASH,2020-08-06,4
AREQUIPA,2020-08-06,27
AYACUCHO,2020-08-06,1
CAJAMARCA,2020-08-06,10
CALLAO,2020-08-06,13
CUSCO,2020-08-06,8
HUANCAVELICA,2020-08-06,2
HUANUCO,2020-08-06,2
ICA,2020-08-06,11
JUNIN,2020-08-06,3
LA LIBERTAD,2020-08-06,15
LAMBAYEQUE,2020-08-06,2
LIMA,2020-08-06,117
LORETO,2020-08-06,2
MOQUEGUA,2020-08-06,2
PIURA,2020-08-06,3
PUNO,2020-08-06,2
SAN MARTIN,2020-08-06,2
TACNA,2020-08-06,1
AMAZONAS,2020-08-07,2
ANCASH,2020-08-07,5
APURIMAC,2020-08-07,1
AREQUIPA,2020-08-07,13
AYACUCHO,2020-08-07,2
CAJAMARCA,2020-08-07,4
CALLAO,2020-08-07,8
CUSCO,2020-08-07,6
HUANUCO,2020-08-07,7
ICA,2020-08-07,11
JUNIN,2020-08-07,7
LA LIBERTAD,2020-08-07,4
LAMBAYEQUE,2020-08-07,6
LIMA,2020-08-07,75
LORETO,2020-08-07,3
MADRE DE DIOS,2020-08-07,1
MOQUEGUA,2020-08-07,8
PASCO,2020-08-07,1
PIURA,2020-08-07,5
PUNO,2020-08-07,6
SAN MARTIN,2020-08-07,2
TACNA,2020-08-07,3
TUMBES,2020-08-07,1
UCAYALI,2020-08-07,1
ANCASH,2020-08-08,5
APURIMAC,2020-08-08,4
AREQUIPA,2020-08-08,11
AYACUCHO,2020-08-08,2
CAJAMARCA,2020-08-08,4
CALLAO,2020-08-08,10
CUSCO,2020-08-08,6
HUANCAVELICA,2020-08-08,2
HUANUCO,2020-08-08,3
ICA,2020-08-08,7
JUNIN,2020-08-08,15
LA LIBERTAD,2020-08-08,8
LAMBAYEQUE,2020-08-08,3
LIMA,2020-08-08,121
LORETO,2020-08-08,3
MOQUEGUA,2020-08-08,3
PIURA,2020-08-08,7
PUNO,2020-08-08,8
SAN MARTIN,2020-08-08,1
TACNA,2020-08-08,5
AMAZONAS,2020-08-09,3
ANCASH,2020-08-09,4
AREQUIPA,2020-08-09,19
CAJAMARCA,2020-08-09,3
CALLAO,2020-08-09,5
CUSCO,2020-08-09,1
HUANCAVELICA,2020-08-09,1
HUANUCO,2020-08-09,2
ICA,2020-08-09,7
JUNIN,2020-08-09,8
LA LIBERTAD,2020-08-09,8
LAMBAYEQUE,2020-08-09,3
LIMA,2020-08-09,81
LORETO,2020-08-09,1
PASCO,2020-08-09,1
PIURA,2020-08-09,2
PUNO,2020-08-09,3
SAN MARTIN,2020-08-09,1
AMAZONAS,2020-08-10,4
ANCASH,2020-08-10,5
APURIMAC,2020-08-10,1
AREQUIPA,2020-08-10,16
CAJAMARCA,2020-08-10,8
CALLAO,2020-08-10,2
CUSCO,2020-08-10,6
HUANCAVELICA,2020-08-10,5
HUANUCO,2020-08-10,3
ICA,2020-08-10,11
JUNIN,2020-08-10,8
LA LIBERTAD,2020-08-10,15
LAMBAYEQUE,2020-08-10,5
LIMA,2020-08-10,106
LORETO,2020-08-10,1
MADRE DE DIOS,2020-08-10,2
MOQUEGUA,2020-08-10,6
PASCO,2020-08-10,3
PIURA,2020-08-10,7
PUNO,2020-08-10,5
SAN MARTIN,2020-08-10,2
TACNA,2020-08-10,6
UCAYALI,2020-08-10,1
AMAZONAS,2020-08-11,1
ANCASH,2020-08-11,6
AREQUIPA,2020-08-11,10
CAJAMARCA,2020-08-11,3
CALLAO,2020-08-11,9
CUSCO,2020-08-11,5
HUANCAVELICA,2020-08-11,1
ICA,2020-08-11,6
JUNIN,2020-08-11,6
LA LIBERTAD,2020-08-11,10
LAMBAYEQUE,2020-08-11,2
LIMA,2020-08-11,84
MOQUEGUA,2020-08-11,3
PASCO,2020-08-11,1
PIURA,2020-08-11,4
PUNO,2020-08-11,4
SAN MARTIN,2020-08-11,1
TUMBES,2020-08-11,1
ANCASH,2020-08-12,4
APURIMAC,2020-08-12,2
AREQUIPA,2020-08-12,10
AYACUCHO,2020-08-12,1
CAJAMARCA,2020-08-12,4
CALLAO,2020-08-12,5
CUSCO,2020-08-12,7
HUANCAVELICA,2020-08-12,2
HUANUCO,2020-08-12,1
ICA,2020-08-12,6
JUNIN,2020-08-12,11
LA LIBERTAD,2020-08-12,7
LAMBAYEQUE,2020-08-12,2
LIMA,2020-08-12,90
MADRE DE DIOS,2020-08-12,1
MOQUEGUA,2020-08-12,4
PIURA,2020-08-12,4
PUNO,2020-08-12,1
SAN MARTIN,2020-08-12,4
TACNA,2020-08-12,2
AMAZONAS,2020-08-13,1
ANCASH,2020-08-13,7
APURIMAC,2020-08-13,1
AREQUIPA,2020-08-13,12
CAJAMARCA,2020-08-13,2
CALLAO,2020-08-13,6
CUSCO,2020-08-13,5
HUANCAVELICA,2020-08-13,5
HUANUCO,2020-08-13,1
ICA,2020-08-13,1
JUNIN,2020-08-13,7
LA LIBERTAD,2020-08-13,9
LAMBAYEQUE,2020-08-13,4
LIMA,2020-08-13,61
LORETO,2020-08-13,1
MADRE DE DIOS,2020-08-13,2
MOQUEGUA,2020-08-13,3
PASCO,2020-08-13,1
PIURA,2020-08-13,9
PUNO,2020-08-13,5
SAN MARTIN,2020-08-13,5
TACNA,2020-08-13,7
TUMBES,2020-08-13,2
UCAYALI,2020-08-13,1
ANCASH,2020-08-14,10
APURIMAC,2020-08-14,2
AREQUIPA,2020-08-14,11
AYACUCHO,2020-08-14,2
CAJAMARCA,2020-08-14,5
CALLAO,2020-08-14,12
CUSCO,2020-08-14,9
HUANCAVELICA,2020-08-14,2
HUANUCO,2020-08-14,7
ICA,2020-08-14,5
JUNIN,2020-08-14,8
LA LIBERTAD,2020-08-14,11
LAMBAYEQUE,2020-08-14,11
LIMA,2020-08-14,94
LORETO,2020-08-14,1
MADRE DE DIOS,2020-08-14,2
MOQUEGUA,2020-08-14,3
PASCO,2020-08-14,2
PIURA,2020-08-14,9
PUNO,2020-08-14,8
SAN MARTIN,2020-08-14,3
TACNA,2020-08-14,2
ANCASH,2020-08-15,7
AREQUIPA,2020-08-15,8
AYACUCHO,2020-08-15,2
CAJAMARCA,2020-08-15,1
CALLAO,2020-08-15,6
CUSCO,2020-08-15,4
HUANUCO,2020-08-15,2
ICA,2020-08-15,5
JUNIN,2020-08-15,7
LA LIBERTAD,2020-08-15,7
LAMBAYEQUE,2020-08-15,1
LIMA,2020-08-15,71
MADRE DE DIOS,2020-08-15,1
MOQUEGUA,2020-08-15,5
PASCO,2020-08-15,2
PIURA,2020-08-15,3
PUNO,2020-08-15,6
SAN MARTIN,2020-08-15,3
TACNA,2020-08-15,1
ANCASH,2020-08-16,6
APURIMAC,2020-08-16,2
AREQUIPA,2020-08-16,13
AYACUCHO,2020-08-16,1
CAJAMARCA,2020-08-16,3
CALLAO,2020-08-16,5
CUSCO,2020-08-16,6
HUANCAVELICA,2020-08-16,2
HUANUCO,2020-08-16,1
ICA,2020-08-16,13
JUNIN,2020-08-16,6
LA LIBERTAD,2020-08-16,14
LAMBAYEQUE,2020-08-16,7
LIMA,2020-08-16,91
LORETO,2020-08-16,3
MADRE DE DIOS,2020-08-16,1
MOQUEGUA,2020-08-16,2
PIURA,2020-08-16,8
PUNO,2020-08-16,7
SAN MARTIN,2020-08-16,2
TACNA,2020-08-16,3
TUMBES,2020-08-16,1
UCAYALI,2020-08-16,3
ANCASH,2020-08-17,11
AREQUIPA,2020-08-17,18
AYACUCHO,2020-08-17,1
CAJAMARCA,2020-08-17,3
CALLAO,2020-08-17,12
CUSCO,2020-08-17,5
HUANUCO,2020-08-17,1
ICA,2020-08-17,12
JUNIN,2020-08-17,2
LA LIBERTAD,2020-08-17,4
LAMBAYEQUE,2020-08-17,2
LIMA,2020-08-17,83
LORETO,2020-08-17,2
MOQUEGUA,2020-08-17,5
PIURA,2020-08-17,4
PUNO,2020-08-17,6
SAN MARTIN,2020-08-17,3
TACNA,2020-08-17,2
UCAYALI,2020-08-17,1
ANCASH,2020-08-18,4
AREQUIPA,2020-08-18,7
AYACUCHO,2020-08-18,5
CAJAMARCA,2020-08-18,2
CALLAO,2020-08-18,2
CUSCO,2020-08-18,6
HUANCAVELICA,2020-08-18,1
HUANUCO,2020-08-18,5
ICA,2020-08-18,6
JUNIN,2020-08-18,4
LA LIBERTAD,2020-08-18,2
LAMBAYEQUE,2020-08-18,3
LIMA,2020-08-18,46
LORETO,2020-08-18,1
MOQUEGUA,2020-08-18,2
PASCO,2020-08-18,1
PIURA,2020-08-18,5
PUNO,2020-08-18,8
SAN MARTIN,2020-08-18,2
TACNA,2020-08-18,4
ANCASH,2020-08-19,3
APURIMAC,2020-08-19,1
AREQUIPA,2020-08-19,9
AYACUCHO,2020-08-19,1
CAJAMARCA,2020-08-19,4
CALLAO,2020-08-19,5
CUSCO,2020-08-19,10
HUANUCO,2020-08-19,4
ICA,2020-08-19,2
JUNIN,2020-08-19,3
LA LIBERTAD,2020-08-19,8
LAMBAYEQUE,2020-08-19,1
LIMA,2020-08-19,66
LORETO,2020-08-19,2
MOQUEGUA,2020-08-19,3
PIURA,2020-08-19,5
PUNO,2020-08-19,10
TACNA,2020-08-19,2
UCAYALI,2020-08-19,1
ANCASH,2020-08-20,4
APURIMAC,2020-08-20,1
AREQUIPA,2020-08-20,17
AYACUCHO,2020-08-20,3
CAJAMARCA,2020-08-20,1
CALLAO,2020-08-20,13
CUSCO,2020-08-20,12
HUANCAVELICA,2020-08-20,1
HUANUCO,2020-08-20,1
ICA,2020-08-20,14
JUNIN,2020-08-20,8
LA LIBERTAD,2020-08-20,11
LAMBAYEQUE,2020-08-20,3
LIMA,2020-08-20,107
MOQUEGUA,2020-08-20,1
PASCO,2020-08-20,1
PIURA,2020-08-20,7
SAN MARTIN,2020-08-20,3
TACNA,2020-08-20,2
UCAYALI,2020-08-20,1
AMAZONAS,2020-08-21,2
ANCASH,2020-08-21,4
APURIMAC,2020-08-21,1
AREQUIPA,2020-08-21,12
AYACUCHO,2020-08-21,1
CAJAMARCA,2020-08-21,3
CALLAO,2020-08-21,6
CUSCO,2020-08-21,8
HUANCAVELICA,2020-08-21,2
HUANUCO,2020-08-21,3
ICA,2020-08-21,6
JUNIN,2020-08-21,7
LA LIBERTAD,2020-08-21,7
LAMBAYEQUE,2020-08-21,6
LIMA,2020-08-21,82
LORETO,2020-08-21,2
MOQUEGUA,2020-08-21,3
PASCO,2020-08-21,1
PIURA,2020-08-21,6
PUNO,2020-08-21,6
SAN MARTIN,2020-08-21,4
TACNA,2020-08-21,5
UCAYALI,2020-08-21,1
ANCASH,2020-08-22,4
AREQUIPA,2020-08-22,10
AYACUCHO,2020-08-22,4
CAJAMARCA,2020-08-22,3
CALLAO,2020-08-22,9
CUSCO,2020-08-22,7
HUANCAVELICA,2020-08-22,3
HUANUCO,2020-08-22,3
ICA,2020-08-22,7
JUNIN,2020-08-22,12
LA LIBERTAD,2020-08-22,4
LAMBAYEQUE,2020-08-22,3
LIMA,2020-08-22,112
LORETO,2020-08-22,1
MADRE DE DIOS,2020-08-22,1
MOQUEGUA,2020-08-22,8
PASCO,2020-08-22,1
PIURA,2020-08-22,7
PUNO,2020-08-22,5
SAN MARTIN,2020-08-22,1
TACNA,2020-08-22,3
TUMBES,2020-08-22,2
ANCASH,2020-08-23,6
APURIMAC,2020-08-23,2
AREQUIPA,2020-08-23,5
CAJAMARCA,2020-08-23,4
CALLAO,2020-08-23,7
CUSCO,2020-08-23,3
HUANCAVELICA,2020-08-23,4
HUANUCO,2020-08-23,4
ICA,2020-08-23,3
JUNIN,2020-08-23,5
LA LIBERTAD,2020-08-23,7
LAMBAYEQUE,2020-08-23,2
LIMA,2020-08-23,75
LORETO,2020-08-23,3
MOQUEGUA,2020-08-23,4
PASCO,2020-08-23,2
PIURA,2020-08-23,2
PUNO,2020-08-23,9
TACNA,2020-08-23,1
TUMBES,2020-08-23,1
UCAYALI,2020-08-23,1
AMAZONAS,2020-08-24,2
ANCASH,2020-08-24,4
AREQUIPA,2020-08-24,12
AYACUCHO,2020-08-24,2
CAJAMARCA,2020-08-24,2
CALLAO,2020-08-24,6
CUSCO,2020-08-24,9
HUANCAVELICA,2020-08-24,4
HUANUCO,2020-08-24,2
ICA,2020-08-24,5
JUNIN,2020-08-24,8
LA LIBERTAD,2020-08-24,14
LAMBAYEQUE,2020-08-24,2
LIMA,2020-08-24,99
MOQUEGUA,2020-08-24,2
PASCO,2020-08-24,1
PIURA,2020-08-24,4
PUNO,2020-08-24,4
SAN MARTIN,2020-08-24,2
TACNA,2020-08-24,3
TUMBES,2020-08-24,1
ANCASH,2020-08-25,3
AREQUIPA,2020-08-25,11
AYACUCHO,2020-08-25,2
CAJAMARCA,2020-08-25,2
CALLAO,2020-08-25,6
CUSCO,2020-08-25,7
HUANUCO,2020-08-25,1
ICA,2020-08-25,3
JUNIN,2020-08-25,3
LA LIBERTAD,2020-08-25,4
LAMBAYEQUE,2020-08-25,2
LIMA,2020-08-25,55
MOQUEGUA,2020-08-25,6
PIURA,2020-08-25,8
PUNO,2020-08-25,4
SAN MARTIN,2020-08-25,2
TUMBES,2020-08-25,1
UCAYALI,2020-08-25,3
ANCASH,2020-08-26,7
APURIMAC,2020-08-26,1
AREQUIPA,2020-08-26,15
AYACUCHO,2020-08-26,3
CAJAMARCA,2020-08-26,2
CALLAO,2020-08-26,6
CUSCO,2020-08-26,9
HUANUCO,2020-08-26,2
ICA,2020-08-26,5
JUNIN,2020-08-26,8
LA LIBERTAD,2020-08-26,7
LAMBAYEQUE,2020-08-26,1
LIMA,2020-08-26,72
MOQUEGUA,2020-08-26,1
PASCO,2020-08-26,1
PIURA,2020-08-26,4
PUNO,2020-08-26,4
SAN MARTIN,2020-08-26,2
TACNA,2020-08-26,2
TUMBES,2020-08-26,1
ANCASH,2020-08-27,4
APURIMAC,2020-08-27,1
AREQUIPA,2020-08-27,11
CAJAMARCA,2020-08-27,1
CALLAO,2020-08-27,12
CUSCO,2020-08-27,13
HUANCAVELICA,2020-08-27,3
HUANUCO,2020-08-27,3
ICA,2020-08-27,7
JUNIN,2020-08-27,7
LA LIBERTAD,2020-08-27,5
LAMBAYEQUE,2020-08-27,1
LIMA,2020-08-27,90
LORETO,2020-08-27,2
MOQUEGUA,2020-08-27,2
PASCO,2020-08-27,2
PIURA,2020-08-27,7
PUNO,2020-08-27,8
SAN MARTIN,2020-08-27,3
TACNA,2020-08-27,11
TUMBES,2020-08-27,1
ANCASH,2020-08-28,4
APURIMAC,2020-08-28,1
AREQUIPA,2020-08-28,5
AYACUCHO,2020-08-28,1
CAJAMARCA,2020-08-28,3
CALLAO,2020-08-28,7
CUSCO,2020-08-28,8
HUANCAVELICA,2020-08-28,2
ICA,2020-08-28,5
JUNIN,2020-08-28,9
LA LIBERTAD,2020-08-28,6
LAMBAYEQUE,2020-08-28,3
LIMA,2020-08-28,65
LORETO,2020-08-28,1
MOQUEGUA,2020-08-28,2
PASCO,2020-08-28,2
PIURA,2020-08-28,3
PUNO,2020-08-28,6
TACNA,2020-08-28,2
UCAYALI,2020-08-28,1
ANCASH,2020-08-29,11
APURIMAC,2020-08-29,1
AREQUIPA,2020-08-29,8
AYACUCHO,2020-08-29,2
CAJAMARCA,2020-08-29,2
CALLAO,2020-08-29,5
CUSCO,2020-08-29,11
HUANCAVELICA,2020-08-29,2
HUANUCO,2020-08-29,3
ICA,2020-08-29,5
JUNIN,2020-08-29,9
LA LIBERTAD,2020-08-29,8
LAMBAYEQUE,2020-08-29,3
LIMA,2020-08-29,89
MOQUEGUA,2020-08-29,2
PASCO,2020-08-29,1
PIURA,2020-08-29,5
PUNO,2020-08-29,2
SAN MARTIN,2020-08-29,2
TACNA,2020-08-29,5
TUMBES,2020-08-29,1
UCAYALI,2020-08-29,4
AMAZONAS,2020-08-30,1
ANCASH,2020-08-30,3
APURIMAC,2020-08-30,1
AREQUIPA,2020-08-30,14
AYACUCHO,2020-08-30,1
CAJAMARCA,2020-08-30,3
CALLAO,2020-08-30,6
CUSCO,2020-08-30,5
HUANUCO,2020-08-30,4
ICA,2020-08-30,4
JUNIN,2020-08-30,7
LA LIBERTAD,2020-08-30,10
LAMBAYEQUE,2020-08-30,4
LIMA,2020-08-30,75
MOQUEGUA,2020-08-30,2
PASCO,2020-08-30,1
PIURA,2020-08-30,7
PUNO,2020-08-30,6
TACNA,2020-08-30,1
TUMBES,2020-08-30,1
ANCASH,2020-08-31,1
AREQUIPA,2020-08-31,11
AYACUCHO,2020-08-31,1
CALLAO,2020-08-31,3
CUSCO,2020-08-31,4
HUANUCO,2020-08-31,2
ICA,2020-08-31,2
JUNIN,2020-08-31,2
LA LIBERTAD,2020-08-31,5
LAMBAYEQUE,2020-08-31,4
LIMA,2020-08-31,73
LORETO,2020-08-31,1
PIURA,2020-08-31,5
PUNO,2020-08-31,2
SAN MARTIN,2020-08-31,3
TACNA,2020-08-31,1
TUMBES,2020-08-31,1
UCAYALI,2020-08-31,3
AMAZONAS,2020-09-01,1
ANCASH,2020-09-01,4
APURIMAC,2020-09-01,2
AREQUIPA,2020-09-01,7
AYACUCHO,2020-09-01,4
CAJAMARCA,2020-09-01,5
CALLAO,2020-09-01,8
CUSCO,2020-09-01,2
HUANCAVELICA,2020-09-01,3
HUANUCO,2020-09-01,2
ICA,2020-09-01,7
JUNIN,2020-09-01,6
LA LIBERTAD,2020-09-01,10
LAMBAYEQUE,2020-09-01,1
LIMA,2020-09-01,108
MOQUEGUA,2020-09-01,3
PIURA,2020-09-01,10
PUNO,2020-09-01,2
TACNA,2020-09-01,3
TUMBES,2020-09-01,2
UCAYALI,2020-09-01,1
ANCASH,2020-09-02,3
AREQUIPA,2020-09-02,9
AYACUCHO,2020-09-02,2
CAJAMARCA,2020-09-02,4
CALLAO,2020-09-02,5
CUSCO,2020-09-02,7
HUANUCO,2020-09-02,4
ICA,2020-09-02,6
JUNIN,2020-09-02,3
LA LIBERTAD,2020-09-02,6
LAMBAYEQUE,2020-09-02,3
LIMA,2020-09-02,87
MOQUEGUA,2020-09-02,1
PIURA,2020-09-02,2
PUNO,2020-09-02,2
TACNA,2020-09-02,2
ANCASH,2020-09-03,5
APURIMAC,2020-09-03,2
AREQUIPA,2020-09-03,7
AYACUCHO,2020-09-03,4
CALLAO,2020-09-03,4
CUSCO,2020-09-03,2
HUANCAVELICA,2020-09-03,1
HUANUCO,2020-09-03,5
ICA,2020-09-03,11
JUNIN,2020-09-03,6
LA LIBERTAD,2020-09-03,9
LAMBAYEQUE,2020-09-03,5
LIMA,2020-09-03,67
LORETO,2020-09-03,1
MADRE DE DIOS,2020-09-03,2
MOQUEGUA,2020-09-03,2
PASCO,2020-09-03,2
PIURA,2020-09-03,3
PUNO,2020-09-03,3
SAN MARTIN,2020-09-03,1
TACNA,2020-09-03,4
TUMBES,2020-09-03,3
ANCASH,2020-09-04,6
AREQUIPA,2020-09-04,6
AYACUCHO,2020-09-04,2
CAJAMARCA,2020-09-04,3
CALLAO,2020-09-04,4
CUSCO,2020-09-04,1
HUANCAVELICA,2020-09-04,1
ICA,2020-09-04,3
JUNIN,2020-09-04,7
LA LIBERTAD,2020-09-04,9
LAMBAYEQUE,2020-09-04,4
LIMA,2020-09-04,72
LORETO,2020-09-04,3
MOQUEGUA,2020-09-04,2
PIURA,2020-09-04,3
PUNO,2020-09-04,4
TACNA,2020-09-04,2
UCAYALI,2020-09-04,1
AMAZONAS,2020-09-05,2
ANCASH,2020-09-05,8
AREQUIPA,2020-09-05,6
AYACUCHO,2020-09-05,3
CAJAMARCA,2020-09-05,3
CALLAO,2020-09-05,8
CUSCO,2020-09-05,7
HUANCAVELICA,2020-09-05,1
HUANUCO,2020-09-05,2
ICA,2020-09-05,2
JUNIN,2020-09-05,4
LA LIBERTAD,2020-09-05,5
LAMBAYEQUE,2020-09-05,4
LIMA,2020-09-05,73
LORETO,2020-09-05,2
MOQUEGUA,2020-09-05,1
PASCO,2020-09-05,1
PIURA,2020-09-05,5
PUNO,2020-09-05,6
SAN MARTIN,2020-09-05,4
TACNA,2020-09-05,4
AMAZONAS,2020-09-06,3
ANCASH,2020-09-06,7
APURIMAC,2020-09-06,2
AREQUIPA,2020-09-06,7
AYACUCHO,2020-09-06,1
CAJAMARCA,2020-09-06,4
CALLAO,2020-09-06,8
CUSCO,2020-09-06,2
HUANCAVELICA,2020-09-06,1
HUANUCO,2020-09-06,1
ICA,2020-09-06,5
JUNIN,2020-09-06,6
LA LIBERTAD,2020-09-06,4
LAMBAYEQUE,2020-09-06,6
LIMA,2020-09-06,59
MOQUEGUA,2020-09-06,3
PIURA,2020-09-06,8
PUNO,2020-09-06,3
SAN MARTIN,2020-09-06,1
TACNA,2020-09-06,4
TUMBES,2020-09-06,1
UCAYALI,2020-09-06,2
AMAZONAS,2020-09-07,2
ANCASH,2020-09-07,6
APURIMAC,2020-09-07,3
AREQUIPA,2020-09-07,9
AYACUCHO,2020-09-07,2
CAJAMARCA,2020-09-07,1
CALLAO,2020-09-07,7
CUSCO,2020-09-07,2
HUANCAVELICA,2020-09-07,1
ICA,2020-09-07,6
JUNIN,2020-09-07,6
LA LIBERTAD,2020-09-07,11
LAMBAYEQUE,2020-09-07,4
LIMA,2020-09-07,72
LORETO,2020-09-07,1
PIURA,2020-09-07,6
PUNO,2020-09-07,3
SAN MARTIN,2020-09-07,1
TACNA,2020-09-07,2
TUMBES,2020-09-07,1
UCAYALI,2020-09-07,1
AMAZONAS,2020-09-08,1
ANCASH,2020-09-08,4
APURIMAC,2020-09-08,1
AREQUIPA,2020-09-08,5
CAJAMARCA,2020-09-08,4
CALLAO,2020-09-08,6
CUSCO,2020-09-08,5
HUANCAVELICA,2020-09-08,1
HUANUCO,2020-09-08,1
ICA,2020-09-08,5
JUNIN,2020-09-08,3
LA LIBERTAD,2020-09-08,3
LAMBAYEQUE,2020-09-08,3
LIMA,2020-09-08,61
LORETO,2020-09-08,2
MADRE DE DIOS,2020-09-08,1
PIURA,2020-09-08,2
PUNO,2020-09-08,2
TACNA,2020-09-08,3
AMAZONAS,2020-09-09,2
ANCASH,2020-09-09,3
AREQUIPA,2020-09-09,3
AYACUCHO,2020-09-09,2
CAJAMARCA,2020-09-09,4
CALLAO,2020-09-09,7
CUSCO,2020-09-09,5
HUANCAVELICA,2020-09-09,1
HUANUCO,2020-09-09,6
ICA,2020-09-09,1
JUNIN,2020-09-09,3
LA LIBERTAD,2020-09-09,1
LAMBAYEQUE,2020-09-09,3
LIMA,2020-09-09,55
LORETO,2020-09-09,2
PASCO,2020-09-09,1
PIURA,2020-09-09,2
PUNO,2020-09-09,2
SAN MARTIN,2020-09-09,1
TACNA,2020-09-09,2
TUMBES,2020-09-09,2
ANCASH,2020-09-10,5
APURIMAC,2020-09-10,1
AREQUIPA,2020-09-10,7
AYACUCHO,2020-09-10,1
CAJAMARCA,2020-09-10,1
CALLAO,2020-09-10,5
CUSCO,2020-09-10,4
HUANUCO,2020-09-10,3
ICA,2020-09-10,7
JUNIN,2020-09-10,4
LA LIBERTAD,2020-09-10,6
LAMBAYEQUE,2020-09-10,3
LIMA,2020-09-10,63
LORETO,2020-09-10,1
MOQUEGUA,2020-09-10,2
PASCO,2020-09-10,1
PIURA,2020-09-10,4
PUNO,2020-09-10,1
SAN MARTIN,2020-09-10,3
TACNA,2020-09-10,1
TUMBES,2020-09-10,3
ANCASH,2020-09-11,5
APURIMAC,2020-09-11,1
AREQUIPA,2020-09-11,9
CAJAMARCA,2020-09-11,3
CALLAO,2020-09-11,5
CUSCO,2020-09-11,6
ICA,2020-09-11,7
JUNIN,2020-09-11,3
LA LIBERTAD,2020-09-11,6
LAMBAYEQUE,2020-09-11,6
LIMA,2020-09-11,56
LORETO,2020-09-11,1
MOQUEGUA,2020-09-11,1
PIURA,2020-09-11,7
SAN MARTIN,2020-09-11,2
TACNA,2020-09-11,4
TUMBES,2020-09-11,1
AMAZONAS,2020-09-12,1
ANCASH,2020-09-12,2
AREQUIPA,2020-09-12,8
AYACUCHO,2020-09-12,1
CAJAMARCA,2020-09-12,3
CALLAO,2020-09-12,9
CUSCO,2020-09-12,2
HUANCAVELICA,2020-09-12,4
HUANUCO,2020-09-12,1
ICA,2020-09-12,6
JUNIN,2020-09-12,1
LA LIBERTAD,2020-09-12,7
LAMBAYEQUE,2020-09-12,5
LIMA,2020-09-12,53
LORETO,2020-09-12,2
MOQUEGUA,2020-09-12,2
PASCO,2020-09-12,2
PIURA,2020-09-12,6
TACNA,2020-09-12,1
UCAYALI,2020-09-12,1
ANCASH,2020-09-13,3
APURIMAC,2020-09-13,1
AREQUIPA,2020-09-13,12
AYACUCHO,2020-09-13,1
CAJAMARCA,2020-09-13,3
CALLAO,2020-09-13,9
CUSCO,2020-09-13,1
HUANCAVELICA,2020-09-13,2
ICA,2020-09-13,2
JUNIN,2020-09-13,1
LA LIBERTAD,2020-09-13,3
LAMBAYEQUE,2020-09-13,1
LIMA,2020-09-13,49
MOQUEGUA,2020-09-13,1
PASCO,2020-09-13,1
PIURA,2020-09-13,3
PUNO,2020-09-13,3
SAN MARTIN,2020-09-13,4
TACNA,2020-09-13,1
TUMBES,2020-09-13,1
ANCASH,2020-09-14,4
APURIMAC,2020-09-14,1
AREQUIPA,2020-09-14,9
AYACUCHO,2020-09-14,2
CALLAO,2020-09-14,6
CUSCO,2020-09-14,6
HUANUCO,2020-09-14,3
ICA,2020-09-14,5
JUNIN,2020-09-14,2
LA LIBERTAD,2020-09-14,5
LAMBAYEQUE,2020-09-14,1
LIMA,2020-09-14,56
MADRE DE DIOS,2020-09-14,2
MOQUEGUA,2020-09-14,2
PIURA,2020-09-14,4
PUNO,2020-09-14,1
SAN MARTIN,2020-09-14,2
TACNA,2020-09-14,2
TUMBES,2020-09-14,1
UCAYALI,2020-09-14,1
ANCASH,2020-09-15,3
AREQUIPA,2020-09-15,5
CAJAMARCA,2020-09-15,11
CALLAO,2020-09-15,3
CUSCO,2020-09-15,4
HUANUCO,2020-09-15,3
ICA,2020-09-15,5
JUNIN,2020-09-15,5
LA LIBERTAD,2020-09-15,6
LAMBAYEQUE,2020-09-15,1
LIMA,2020-09-15,62
MOQUEGUA,2020-09-15,3
PASCO,2020-09-15,2
PIURA,2020-09-15,5
PUNO,2020-09-15,1
SAN MARTIN,2020-09-15,1
TACNA,2020-09-15,4
AMAZONAS,2020-09-16,1
ANCASH,2020-09-16,1
AREQUIPA,2020-09-16,7
CAJAMARCA,2020-09-16,2
CALLAO,2020-09-16,7
HUANCAVELICA,2020-09-16,3
HUANUCO,2020-09-16,2
ICA,2020-09-16,5
JUNIN,2020-09-16,3
LA LIBERTAD,2020-09-16,5
LAMBAYEQUE,2020-09-16,3
LIMA,2020-09-16,38
MADRE DE DIOS,2020-09-16,1
PIURA,2020-09-16,6
PUNO,2020-09-16,5
SAN MARTIN,2020-09-16,1
TACNA,2020-09-16,4
UCAYALI,2020-09-16,1
ANCASH,2020-09-17,8
AREQUIPA,2020-09-17,11
CAJAMARCA,2020-09-17,2
CALLAO,2020-09-17,7
CUSCO,2020-09-17,1
ICA,2020-09-17,6
JUNIN,2020-09-17,4
LA LIBERTAD,2020-09-17,5
LAMBAYEQUE,2020-09-17,4
LIMA,2020-09-17,73
LORETO,2020-09-17,2
MADRE DE DIOS,2020-09-17,1
MOQUEGUA,2020-09-17,1
PASCO,2020-09-17,1
PIURA,2020-09-17,5
PUNO,2020-09-17,1
SAN MARTIN,2020-09-17,1
TACNA,2020-09-17,3
UCAYALI,2020-09-17,1
AMAZONAS,2020-09-18,1
ANCASH,2020-09-18,8
AREQUIPA,2020-09-18,5
CALLAO,2020-09-18,5
HUANCAVELICA,2020-09-18,1
ICA,2020-09-18,3
JUNIN,2020-09-18,2
LA LIBERTAD,2020-09-18,6
LAMBAYEQUE,2020-09-18,4
LIMA,2020-09-18,34
LORETO,2020-09-18,2
MOQUEGUA,2020-09-18,2
PASCO,2020-09-18,1
PIURA,2020-09-18,5
PUNO,2020-09-18,1
SAN MARTIN,2020-09-18,1
TACNA,2020-09-18,1
TUMBES,2020-09-18,2
UCAYALI,2020-09-18,2
AMAZONAS,2020-09-19,2
ANCASH,2020-09-19,8
APURIMAC,2020-09-19,2
AREQUIPA,2020-09-19,8
AYACUCHO,2020-09-19,3
CAJAMARCA,2020-09-19,7
CALLAO,2020-09-19,12
CUSCO,2020-09-19,2
HUANCAVELICA,2020-09-19,1
HUANUCO,2020-09-19,2
ICA,2020-09-19,4
JUNIN,2020-09-19,3
LA LIBERTAD,2020-09-19,10
LAMBAYEQUE,2020-09-19,3
LIMA,2020-09-19,97
LORETO,2020-09-19,2
MOQUEGUA,2020-09-19,2
PASCO,2020-09-19,1
PIURA,2020-09-19,6
PUNO,2020-09-19,3
SAN MARTIN,2020-09-19,1
TACNA,2020-09-19,5
TUMBES,2020-09-19,2
ANCASH,2020-09-20,4
APURIMAC,2020-09-20,3
AREQUIPA,2020-09-20,4
CAJAMARCA,2020-09-20,1
CALLAO,2020-09-20,6
CUSCO,2020-09-20,4
HUANCAVELICA,2020-09-20,2
ICA,2020-09-20,7
JUNIN,2020-09-20,5
LA LIBERTAD,2020-09-20,5
LAMBAYEQUE,2020-09-20,3
LIMA,2020-09-20,51
PIURA,2020-09-20,3
PUNO,2020-09-20,1
SAN MARTIN,2020-09-20,3
TACNA,2020-09-20,2
UCAYALI,2020-09-20,1
AMAZONAS,2020-09-21,1
ANCASH,2020-09-21,2
APURIMAC,2020-09-21,2
AREQUIPA,2020-09-21,6
AYACUCHO,2020-09-21,3
CALLAO,2020-09-21,4
CUSCO,2020-09-21,5
HUANCAVELICA,2020-09-21,1
HUANUCO,2020-09-21,1
ICA,2020-09-21,2
JUNIN,2020-09-21,5
LA LIBERTAD,2020-09-21,4
LAMBAYEQUE,2020-09-21,3
LIMA,2020-09-21,56
LORETO,2020-09-21,1
MOQUEGUA,2020-09-21,1
PASCO,2020-09-21,2
PIURA,2020-09-21,1
PUNO,2020-09-21,4
SAN MARTIN,2020-09-21,2
TACNA,2020-09-21,3
TUMBES,2020-09-21,1
UCAYALI,2020-09-21,2
ANCASH,2020-09-22,5
APURIMAC,2020-09-22,1
AREQUIPA,2020-09-22,3
AYACUCHO,2020-09-22,2
CAJAMARCA,2020-09-22,1
CALLAO,2020-09-22,6
ICA,2020-09-22,4
JUNIN,2020-09-22,6
LA LIBERTAD,2020-09-22,3
LAMBAYEQUE,2020-09-22,5
LIMA,2020-09-22,50
MOQUEGUA,2020-09-22,1
PASCO,2020-09-22,1
PIURA,2020-09-22,6
PUNO,2020-09-22,2
SAN MARTIN,2020-09-22,1
TACNA,2020-09-22,1
AMAZONAS,2020-09-23,1
ANCASH,2020-09-23,2
AREQUIPA,2020-09-23,2
AYACUCHO,2020-09-23,2
CAJAMARCA,2020-09-23,2
CALLAO,2020-09-23,1
CUSCO,2020-09-23,4
ICA,2020-09-23,5
JUNIN,2020-09-23,2
LA LIBERTAD,2020-09-23,3
LAMBAYEQUE,2020-09-23,2
LIMA,2020-09-23,35
MOQUEGUA,2020-09-23,2
PIURA,2020-09-23,2
SAN MARTIN,2020-09-23,1
TUMBES,2020-09-23,1
UCAYALI,2020-09-23,1
AMAZONAS,2020-09-24,2
ANCASH,2020-09-24,5
AREQUIPA,2020-09-24,7
CAJAMARCA,2020-09-24,5
CALLAO,2020-09-24,2
CUSCO,2020-09-24,2
HUANCAVELICA,2020-09-24,1
HUANUCO,2020-09-24,4
ICA,2020-09-24,8
JUNIN,2020-09-24,2
LA LIBERTAD,2020-09-24,3
LAMBAYEQUE,2020-09-24,2
LIMA,2020-09-24,43
PIURA,2020-09-24,7
PUNO,2020-09-24,2
SAN MARTIN,2020-09-24,1
TACNA,2020-09-24,3
AMAZONAS,2020-09-25,2
ANCASH,2020-09-25,3
APURIMAC,2020-09-25,3
AREQUIPA,2020-09-25,5
AYACUCHO,2020-09-25,1
CAJAMARCA,2020-09-25,3
CALLAO,2020-09-25,4
CUSCO,2020-09-25,4
HUANCAVELICA,2020-09-25,1
HUANUCO,2020-09-25,2
ICA,2020-09-25,4
JUNIN,2020-09-25,3
LA LIBERTAD,2020-09-25,6
LAMBAYEQUE,2020-09-25,4
LIMA,2020-09-25,53
MOQUEGUA,2020-09-25,1
PIURA,2020-09-25,3
PUNO,2020-09-25,1
SAN MARTIN,2020-09-25,1
TACNA,2020-09-25,1
ANCASH,2020-09-26,3
AREQUIPA,2020-09-26,8
AYACUCHO,2020-09-26,2
CAJAMARCA,2020-09-26,5
CALLAO,2020-09-26,11
CUSCO,2020-09-26,3
HUANCAVELICA,2020-09-26,1
ICA,2020-09-26,6
JUNIN,2020-09-26,1
LA LIBERTAD,2020-09-26,3
LAMBAYEQUE,2020-09-26,2
LIMA,2020-09-26,62
LORETO,2020-09-26,2
MADRE DE DIOS,2020-09-26,1
MOQUEGUA,2020-09-26,1
PASCO,2020-09-26,2
PIURA,2020-09-26,6
TUMBES,2020-09-26,1
ANCASH,2020-09-27,1
APURIMAC,2020-09-27,1
AREQUIPA,2020-09-27,5
AYACUCHO,2020-09-27,1
CAJAMARCA,2020-09-27,3
CALLAO,2020-09-27,5
CUSCO,2020-09-27,1
HUANUCO,2020-09-27,1
ICA,2020-09-27,3
JUNIN,2020-09-27,2
LA LIBERTAD,2020-09-27,1
LAMBAYEQUE,2020-09-27,1
LIMA,2020-09-27,27
PASCO,2020-09-27,1
PIURA,2020-09-27,2
PUNO,2020-09-27,2
SAN MARTIN,2020-09-27,2
TACNA,2020-09-27,1
TUMBES,2020-09-27,1
UCAYALI,2020-09-27,1
ANCASH,2020-09-28,3
AREQUIPA,2020-09-28,2
CAJAMARCA,2020-09-28,2
CALLAO,2020-09-28,4
CUSCO,2020-09-28,3
HUANCAVELICA,2020-09-28,1
HUANUCO,2020-09-28,2
ICA,2020-09-28,4
JUNIN,2020-09-28,3
LA LIBERTAD,2020-09-28,4
LAMBAYEQUE,2020-09-28,7
LIMA,2020-09-28,29
PASCO,2020-09-28,1
PIURA,2020-09-28,2
PUNO,2020-09-28,2
TACNA,2020-09-28,1
UCAYALI,2020-09-28,2
ANCASH,2020-09-29,1
AREQUIPA,2020-09-29,3
AYACUCHO,2020-09-29,1
CAJAMARCA,2020-09-29,1
CALLAO,2020-09-29,2
CUSCO,2020-09-29,1
HUANCAVELICA,2020-09-29,1
HUANUCO,2020-09-29,1
ICA,2020-09-29,3
JUNIN,2020-09-29,4
LA LIBERTAD,2020-09-29,2
LAMBAYEQUE,2020-09-29,2
LIMA,2020-09-29,31
LORETO,2020-09-29,2
MADRE DE DIOS,2020-09-29,1
PIURA,2020-09-29,3
PUNO,2020-09-29,4
SAN MARTIN,2020-09-29,2
TACNA,2020-09-29,1
UCAYALI,2020-09-29,1
ANCASH,2020-09-30,4
AREQUIPA,2020-09-30,3
AYACUCHO,2020-09-30,1
CAJAMARCA,2020-09-30,1
CALLAO,2020-09-30,5
CUSCO,2020-09-30,5
ICA,2020-09-30,1
JUNIN,2020-09-30,2
LAMBAYEQUE,2020-09-30,3
LIMA,2020-09-30,39
MOQUEGUA,2020-09-30,2
PASCO,2020-09-30,1
PIURA,2020-09-30,1
SAN MARTIN,2020-09-30,3
TACNA,2020-09-30,1
ANCASH,2020-10-01,6
APURIMAC,2020-10-01,1
AREQUIPA,2020-10-01,5
CAJAMARCA,2020-10-01,1
CALLAO,2020-10-01,4
CUSCO,2020-10-01,2
HUANUCO,2020-10-01,1
ICA,2020-10-01,1
JUNIN,2020-10-01,4
LA LIBERTAD,2020-10-01,1
LIMA,2020-10-01,36
LORETO,2020-10-01,1
MOQUEGUA,2020-10-01,1
PIURA,2020-10-01,5
PUNO,2020-10-01,2
TACNA,2020-10-01,2
UCAYALI,2020-10-01,1
AMAZONAS,2020-10-02,1
ANCASH,2020-10-02,1
AREQUIPA,2020-10-02,2
AYACUCHO,2020-10-02,1
CAJAMARCA,2020-10-02,2
CALLAO,2020-10-02,4
CUSCO,2020-10-02,1
ICA,2020-10-02,5
JUNIN,2020-10-02,1
LA LIBERTAD,2020-10-02,3
LAMBAYEQUE,2020-10-02,2
LIMA,2020-10-02,27
LORETO,2020-10-02,1
PIURA,2020-10-02,2
PUNO,2020-10-02,2
TUMBES,2020-10-02,1
ANCASH,2020-10-03,4
APURIMAC,2020-10-03,1
AREQUIPA,2020-10-03,1
CAJAMARCA,2020-10-03,1
CALLAO,2020-10-03,1
CUSCO,2020-10-03,1
HUANCAVELICA,2020-10-03,1
HUANUCO,2020-10-03,1
ICA,2020-10-03,3
JUNIN,2020-10-03,5
LA LIBERTAD,2020-10-03,5
LAMBAYEQUE,2020-10-03,1
LIMA,2020-10-03,39
MOQUEGUA,2020-10-03,1
PIURA,2020-10-03,8
SAN MARTIN,2020-10-03,2
TACNA,2020-10-03,1
TUMBES,2020-10-03,1
AMAZONAS,2020-10-04,1
ANCASH,2020-10-04,2
APURIMAC,2020-10-04,1
AREQUIPA,2020-10-04,9
AYACUCHO,2020-10-04,1
CAJAMARCA,2020-10-04,2
CALLAO,2020-10-04,4
CUSCO,2020-10-04,1
HUANUCO,2020-10-04,3
ICA,2020-10-04,6
JUNIN,2020-10-04,4
LA LIBERTAD,2020-10-04,5
LAMBAYEQUE,2020-10-04,1
LIMA,2020-10-04,48
MADRE DE DIOS,2020-10-04,1
MOQUEGUA,2020-10-04,1
PIURA,2020-10-04,2
APURIMAC,2020-10-05,1
AREQUIPA,2020-10-05,5
AYACUCHO,2020-10-05,2
CAJAMARCA,2020-10-05,6
CALLAO,2020-10-05,6
CUSCO,2020-10-05,3
HUANUCO,2020-10-05,2
ICA,2020-10-05,4
LA LIBERTAD,2020-10-05,1
LAMBAYEQUE,2020-10-05,7
LIMA,2020-10-05,38
LORETO,2020-10-05,3
MOQUEGUA,2020-10-05,1
TACNA,2020-10-05,1
AMAZONAS,2020-10-06,1
ANCASH,2020-10-06,1
AREQUIPA,2020-10-06,4
AYACUCHO,2020-10-06,3
CALLAO,2020-10-06,2
CUSCO,2020-10-06,2
HUANCAVELICA,2020-10-06,2
HUANUCO,2020-10-06,1
ICA,2020-10-06,4
JUNIN,2020-10-06,6
LA LIBERTAD,2020-10-06,5
LAMBAYEQUE,2020-10-06,5
LIMA,2020-10-06,48
LORETO,2020-10-06,1
MOQUEGUA,2020-10-06,1
PIURA,2020-10-06,3
PUNO,2020-10-06,2
SAN MARTIN,2020-10-06,2
UCAYALI,2020-10-06,2
ANCASH,2020-10-07,3
APURIMAC,2020-10-07,2
AREQUIPA,2020-10-07,6
CAJAMARCA,2020-10-07,3
CALLAO,2020-10-07,3
CUSCO,2020-10-07,2
HUANUCO,2020-10-07,5
ICA,2020-10-07,2
JUNIN,2020-10-07,3
LA LIBERTAD,2020-10-07,2
LAMBAYEQUE,2020-10-07,4
LIMA,2020-10-07,39
MOQUEGUA,2020-10-07,3
PIURA,2020-10-07,4
PUNO,2020-10-07,3
SAN MARTIN,2020-10-07,1
TACNA,2020-10-07,1
TUMBES,2020-10-07,2
UCAYALI,2020-10-07,1
AMAZONAS,2020-10-08,1
ANCASH,2020-10-08,3
AREQUIPA,2020-10-08,2
AYACUCHO,2020-10-08,2
CAJAMARCA,2020-10-08,2
CALLAO,2020-10-08,4
CUSCO,2020-10-08,2
HUANUCO,2020-10-08,2
ICA,2020-10-08,2
JUNIN,2020-10-08,1
LA LIBERTAD,2020-10-08,3
LAMBAYEQUE,2020-10-08,2
LIMA,2020-10-08,21
LORETO,2020-10-08,1
MOQUEGUA,2020-10-08,1
PIURA,2020-10-08,4
PUNO,2020-10-08,2
SAN MARTIN,2020-10-08,1
TACNA,2020-10-08,3
UCAYALI,2020-10-08,1
ANCASH,2020-10-09,4
AREQUIPA,2020-10-09,3
AYACUCHO,2020-10-09,2
CALLAO,2020-10-09,3
HUANUCO,2020-10-09,1
ICA,2020-10-09,5
JUNIN,2020-10-09,1
LA LIBERTAD,2020-10-09,1
LAMBAYEQUE,2020-10-09,6
LIMA,2020-10-09,31
LORETO,2020-10-09,1
PIURA,2020-10-09,1
PUNO,2020-10-09,1
SAN MARTIN,2020-10-09,3
UCAYALI,2020-10-09,2
ANCASH,2020-10-10,1
APURIMAC,2020-10-10,2
AREQUIPA,2020-10-10,2
AYACUCHO,2020-10-10,1
CAJAMARCA,2020-10-10,2
CALLAO,2020-10-10,7
CUSCO,2020-10-10,3
HUANCAVELICA,2020-10-10,1
ICA,2020-10-10,4
JUNIN,2020-10-10,3
LA LIBERTAD,2020-10-10,1
LAMBAYEQUE,2020-10-10,4
LIMA,2020-10-10,40
MOQUEGUA,2020-10-10,1
PIURA,2020-10-10,2
PUNO,2020-10-10,4
SAN MARTIN,2020-10-10,2
UCAYALI,2020-10-10,2
ANCASH,2020-10-11,2
AREQUIPA,2020-10-11,3
CALLAO,2020-10-11,5
CUSCO,2020-10-11,1
HUANCAVELICA,2020-10-11,1
HUANUCO,2020-10-11,1
ICA,2020-10-11,1
JUNIN,2020-10-11,2
LA LIBERTAD,2020-10-11,2
LAMBAYEQUE,2020-10-11,1
LIMA,2020-10-11,26
LORETO,2020-10-11,1
PIURA,2020-10-11,3
PUNO,2020-10-11,2
UCAYALI,2020-10-11,1
AMAZONAS,2020-10-12,1
ANCASH,2020-10-12,2
AREQUIPA,2020-10-12,2
AYACUCHO,2020-10-12,1
CAJAMARCA,2020-10-12,2
CALLAO,2020-10-12,3
HUANUCO,2020-10-12,4
ICA,2020-10-12,3
LA LIBERTAD,2020-10-12,2
LAMBAYEQUE,2020-10-12,4
LIMA,2020-10-12,30
PIURA,2020-10-12,6
PUNO,2020-10-12,1
UCAYALI,2020-10-12,2
AMAZONAS,2020-10-13,1
ANCASH,2020-10-13,4
AREQUIPA,2020-10-13,9
AYACUCHO,2020-10-13,1
CAJAMARCA,2020-10-13,1
CALLAO,2020-10-13,4
CUSCO,2020-10-13,1
HUANCAVELICA,2020-10-13,2
HUANUCO,2020-10-13,1
ICA,2020-10-13,1
JUNIN,2020-10-13,5
LA LIBERTAD,2020-10-13,6
LAMBAYEQUE,2020-10-13,7
LIMA,2020-10-13,40
LORETO,2020-10-13,1
MADRE DE DIOS,2020-10-13,2
PUNO,2020-10-13,2
SAN MARTIN,2020-10-13,2
TUMBES,2020-10-13,1
UCAYALI,2020-10-13,1
ANCASH,2020-10-14,3
APURIMAC,2020-10-14,2
AREQUIPA,2020-10-14,4
CAJAMARCA,2020-10-14,1
CALLAO,2020-10-14,3
CUSCO,2020-10-14,3
HUANUCO,2020-10-14,1
ICA,2020-10-14,1
JUNIN,2020-10-14,2
LA LIBERTAD,2020-10-14,10
LAMBAYEQUE,2020-10-14,4
LIMA,2020-10-14,21
LORETO,2020-10-14,2
MADRE DE DIOS,2020-10-14,1
PIURA,2020-10-14,2
PUNO,2020-10-14,3
SAN MARTIN,2020-10-14,1
TUMBES,2020-10-14,1
AMAZONAS,2020-10-15,1
ANCASH,2020-10-15,3
APURIMAC,2020-10-15,2
AREQUIPA,2020-10-15,3
AYACUCHO,2020-10-15,1
CALLAO,2020-10-15,5
CUSCO,2020-10-15,1
HUANCAVELICA,2020-10-15,1
ICA,2020-10-15,3
JUNIN,2020-10-15,3
LA LIBERTAD,2020-10-15,2
LAMBAYEQUE,2020-10-15,7
LIMA,2020-10-15,30
LORETO,2020-10-15,3
PIURA,2020-10-15,1
PUNO,2020-10-15,3
UCAYALI,2020-10-15,2
APURIMAC,2020-10-16,1
AYACUCHO,2020-10-16,3
CALLAO,2020-10-16,5
CUSCO,2020-10-16,2
ICA,2020-10-16,2
JUNIN,2020-10-16,1
LA LIBERTAD,2020-10-16,3
LAMBAYEQUE,2020-10-16,1
LIMA,2020-10-16,29
LORETO,2020-10-16,1
PIURA,2020-10-16,1
SAN MARTIN,2020-10-16,1
TACNA,2020-10-16,1
TUMBES,2020-10-16,3
ANCASH,2020-10-17,3
APURIMAC,2020-10-17,1
AREQUIPA,2020-10-17,3
AYACUCHO,2020-10-17,3
CAJAMARCA,2020-10-17,2
CALLAO,2020-10-17,2
CUSCO,2020-10-17,1
HUANUCO,2020-10-17,2
JUNIN,2020-10-17,1
LA LIBERTAD,2020-10-17,3
LAMBAYEQUE,2020-10-17,3
LIMA,2020-10-17,19
LORETO,2020-10-17,1
PASCO,2020-10-17,2
PIURA,2020-10-17,6
SAN MARTIN,2020-10-17,1
TACNA,2020-10-17,1
TUMBES,2020-10-17,2
UCAYALI,2020-10-17,1
AMAZONAS,2020-10-18,1
ANCASH,2020-10-18,3
AREQUIPA,2020-10-18,5
CAJAMARCA,2020-10-18,1
CALLAO,2020-10-18,1
CUSCO,2020-10-18,1
HUANUCO,2020-10-18,1
ICA,2020-10-18,4
JUNIN,2020-10-18,4
LA LIBERTAD,2020-10-18,1
LAMBAYEQUE,2020-10-18,1
LIMA,2020-10-18,34
PASCO,2020-10-18,1
PIURA,2020-10-18,1
PUNO,2020-10-18,1
TACNA,2020-10-18,1
AMAZONAS,2020-10-19,1
AREQUIPA,2020-10-19,1
CAJAMARCA,2020-10-19,6
CALLAO,2020-10-19,1
HUANCAVELICA,2020-10-19,1
ICA,2020-10-19,1
JUNIN,2020-10-19,2
LA LIBERTAD,2020-10-19,2
LAMBAYEQUE,2020-10-19,5
LIMA,2020-10-19,28
MADRE DE DIOS,2020-10-19,1
PIURA,2020-10-19,4
SAN MARTIN,2020-10-19,1
TUMBES,2020-10-19,1
AMAZONAS,2020-10-20,1
ANCASH,2020-10-20,1
APURIMAC,2020-10-20,1
AREQUIPA,2020-10-20,1
CALLAO,2020-10-20,1
CUSCO,2020-10-20,1
HUANUCO,2020-10-20,3
ICA,2020-10-20,5
JUNIN,2020-10-20,1
LA LIBERTAD,2020-10-20,2
LAMBAYEQUE,2020-10-20,2
LIMA,2020-10-20,32
PIURA,2020-10-20,5
PUNO,2020-10-20,2
SAN MARTIN,2020-10-20,1
UCAYALI,2020-10-20,3
AMAZONAS,2020-10-21,2
ANCASH,2020-10-21,3
AYACUCHO,2020-10-21,3
CAJAMARCA,2020-10-21,2
CUSCO,2020-10-21,1
HUANCAVELICA,2020-10-21,1
ICA,2020-10-21,3
JUNIN,2020-10-21,4
LAMBAYEQUE,2020-10-21,2
LIMA,2020-10-21,22
LORETO,2020-10-21,1
PIURA,2020-10-21,2
TACNA,2020-10-21,1
ANCASH,2020-10-22,3
AREQUIPA,2020-10-22,2
AYACUCHO,2020-10-22,1
CALLAO,2020-10-22,1
CUSCO,2020-10-22,2
ICA,2020-10-22,2
JUNIN,2020-10-22,2
LA LIBERTAD,2020-10-22,2
LAMBAYEQUE,2020-10-22,3
LIMA,2020-10-22,26
MOQUEGUA,2020-10-22,1
PUNO,2020-10-22,2
TACNA,2020-10-22,1
TUMBES,2020-10-22,1
AMAZONAS,2020-10-23,1
ANCASH,2020-10-23,2
APURIMAC,2020-10-23,2
AREQUIPA,2020-10-23,5
AYACUCHO,2020-10-23,1
CAJAMARCA,2020-10-23,2
CALLAO,2020-10-23,3
CUSCO,2020-10-23,2
ICA,2020-10-23,1
JUNIN,2020-10-23,4
LA LIBERTAD,2020-10-23,3
LAMBAYEQUE,2020-10-23,3
LIMA,2020-10-23,21
LORETO,2020-10-23,1
MOQUEGUA,2020-10-23,1
PASCO,2020-10-23,1
PUNO,2020-10-23,2
SAN MARTIN,2020-10-23,5
TACNA,2020-10-23,2
ANCASH,2020-10-24,1
AREQUIPA,2020-10-24,2
AYACUCHO,2020-10-24,1
CAJAMARCA,2020-10-24,4
CALLAO,2020-10-24,2
CUSCO,2020-10-24,2
HUANUCO,2020-10-24,4
ICA,2020-10-24,1
JUNIN,2020-10-24,7
LA LIBERTAD,2020-10-24,3
LAMBAYEQUE,2020-10-24,3
LIMA,2020-10-24,16
LORETO,2020-10-24,1
MADRE DE DIOS,2020-10-24,1
PIURA,2020-10-24,3
SAN MARTIN,2020-10-24,1
TACNA,2020-10-24,2
ANCASH,2020-10-25,1
AREQUIPA,2020-10-25,2
AYACUCHO,2020-10-25,1
CAJAMARCA,2020-10-25,1
CALLAO,2020-10-25,1
CUSCO,2020-10-25,2
HUANCAVELICA,2020-10-25,2
ICA,2020-10-25,1
JUNIN,2020-10-25,1
LA LIBERTAD,2020-10-25,1
LAMBAYEQUE,2020-10-25,1
LIMA,2020-10-25,26
LORETO,2020-10-25,1
MOQUEGUA,2020-10-25,1
PUNO,2020-10-25,2
SAN MARTIN,2020-10-25,2
TACNA,2020-10-25,2
ANCASH,2020-10-26,3
APURIMAC,2020-10-26,1
AREQUIPA,2020-10-26,7
AYACUCHO,2020-10-26,2
CALLAO,2020-10-26,2
CUSCO,2020-10-26,1
HUANCAVELICA,2020-10-26,1
HUANUCO,2020-10-26,3
ICA,2020-10-26,2
LA LIBERTAD,2020-10-26,4
LIMA,2020-10-26,28
MADRE DE DIOS,2020-10-26,1
PIURA,2020-10-26,3
SAN MARTIN,2020-10-26,1
TACNA,2020-10-26,1
ANCASH,2020-10-27,1
APURIMAC,2020-10-27,2
AREQUIPA,2020-10-27,3
CALLAO,2020-10-27,3
CUSCO,2020-10-27,2
HUANUCO,2020-10-27,2
ICA,2020-10-27,4
JUNIN,2020-10-27,6
LA LIBERTAD,2020-10-27,5
LAMBAYEQUE,2020-10-27,3
LIMA,2020-10-27,22
PIURA,2020-10-27,1
PUNO,2020-10-27,3
TACNA,2020-10-27,1
ANCASH,2020-10-28,4
APURIMAC,2020-10-28,1
AREQUIPA,2020-10-28,2
CAJAMARCA,2020-10-28,2
CALLAO,2020-10-28,2
HUANUCO,2020-10-28,2
ICA,2020-10-28,2
LA LIBERTAD,2020-10-28,3
LAMBAYEQUE,2020-10-28,2
LIMA,2020-10-28,22
PUNO,2020-10-28,1
SAN MARTIN,2020-10-28,3
TUMBES,2020-10-28,1
ANCASH,2020-10-29,2
AREQUIPA,2020-10-29,2
AYACUCHO,2020-10-29,1
CAJAMARCA,2020-10-29,2
CUSCO,2020-10-29,1
HUANUCO,2020-10-29,1
ICA,2020-10-29,3
JUNIN,2020-10-29,3
LA LIBERTAD,2020-10-29,5
LAMBAYEQUE,2020-10-29,2
LIMA,2020-10-29,23
MOQUEGUA,2020-10-29,1
PIURA,2020-10-29,1
SAN MARTIN,2020-10-29,1
UCAYALI,2020-10-29,1
AMAZONAS,2020-10-30,1
ANCASH,2020-10-30,3
APURIMAC,2020-10-30,2
AREQUIPA,2020-10-30,5
AYACUCHO,2020-10-30,1
CAJAMARCA,2020-10-30,1
CALLAO,2020-10-30,3
ICA,2020-10-30,4
JUNIN,2020-10-30,3
LA LIBERTAD,2020-10-30,2
LAMBAYEQUE,2020-10-30,2
LIMA,2020-10-30,30
LORETO,2020-10-30,1
MADRE DE DIOS,2020-10-30,1
PIURA,2020-10-30,1
PUNO,2020-10-30,2
SAN MARTIN,2020-10-30,1
TACNA,2020-10-30,1
UCAYALI,2020-10-30,1
AMAZONAS,2020-10-31,1
ANCASH,2020-10-31,4
APURIMAC,2020-10-31,2
AREQUIPA,2020-10-31,1
CAJAMARCA,2020-10-31,2
CALLAO,2020-10-31,3
HUANCAVELICA,2020-10-31,1
ICA,2020-10-31,2
JUNIN,2020-10-31,4
LA LIBERTAD,2020-10-31,1
LAMBAYEQUE,2020-10-31,3
LIMA,2020-10-31,17
LORETO,2020-10-31,1
MOQUEGUA,2020-10-31,1
PIURA,2020-10-31,3
PUNO,2020-10-31,1
SAN MARTIN,2020-10-31,1
TACNA,2020-10-31,1
TUMBES,2020-10-31,1
UCAYALI,2020-10-31,3
ANCASH,2020-11-01,6
APURIMAC,2020-11-01,2
AREQUIPA,2020-11-01,1
CAJAMARCA,2020-11-01,1
CALLAO,2020-11-01,2
CUSCO,2020-11-01,1
HUANUCO,2020-11-01,2
ICA,2020-11-01,2
JUNIN,2020-11-01,2
LA LIBERTAD,2020-11-01,1
LAMBAYEQUE,2020-11-01,2
LIMA,2020-11-01,26
LORETO,2020-11-01,1
PIURA,2020-11-01,3
PUNO,2020-11-01,1
SAN MARTIN,2020-11-01,2
TACNA,2020-11-01,1
ANCASH,2020-11-02,1
AREQUIPA,2020-11-02,3
AYACUCHO,2020-11-02,2
CAJAMARCA,2020-11-02,3
CALLAO,2020-11-02,1
CUSCO,2020-11-02,1
ICA,2020-11-02,1
JUNIN,2020-11-02,3
LA LIBERTAD,2020-11-02,2
LAMBAYEQUE,2020-11-02,1
LIMA,2020-11-02,14
PASCO,2020-11-02,1
PIURA,2020-11-02,2
PUNO,2020-11-02,1
UCAYALI,2020-11-02,2
AMAZONAS,2020-11-03,1
ANCASH,2020-11-03,1
AREQUIPA,2020-11-03,2
CALLAO,2020-11-03,3
CUSCO,2020-11-03,1
HUANUCO,2020-11-03,3
ICA,2020-11-03,2
JUNIN,2020-11-03,3
LA LIBERTAD,2020-11-03,3
LIMA,2020-11-03,19
LORETO,2020-11-03,1
PASCO,2020-11-03,1
PUNO,2020-11-03,2
SAN MARTIN,2020-11-03,2
TACNA,2020-11-03,4
AMAZONAS,2020-11-04,1
APURIMAC,2020-11-04,1
AREQUIPA,2020-11-04,5
CAJAMARCA,2020-11-04,2
CALLAO,2020-11-04,3
CUSCO,2020-11-04,1
HUANUCO,2020-11-04,2
ICA,2020-11-04,1
LA LIBERTAD,2020-11-04,2
LIMA,2020-11-04,28
MADRE DE DIOS,2020-11-04,1
MOQUEGUA,2020-11-04,1
PIURA,2020-11-04,4
PUNO,2020-11-04,1
SAN MARTIN,2020-11-04,1
TACNA,2020-11-04,3
UCAYALI,2020-11-04,2
ANCASH,2020-11-05,5
APURIMAC,2020-11-05,2
AREQUIPA,2020-11-05,3
CAJAMARCA,2020-11-05,2
CALLAO,2020-11-05,3
CUSCO,2020-11-05,1
HUANCAVELICA,2020-11-05,1
HUANUCO,2020-11-05,1
ICA,2020-11-05,2
JUNIN,2020-11-05,3
LA LIBERTAD,2020-11-05,7
LAMBAYEQUE,2020-11-05,1
LIMA,2020-11-05,17
LORETO,2020-11-05,1
MADRE DE DIOS,2020-11-05,1
MOQUEGUA,2020-11-05,1
PASCO,2020-11-05,1
PIURA,2020-11-05,1
AMAZONAS,2020-11-06,2
ANCASH,2020-11-06,3
AREQUIPA,2020-11-06,4
AYACUCHO,2020-11-06,2
CAJAMARCA,2020-11-06,3
CALLAO,2020-11-06,3
HUANUCO,2020-11-06,2
JUNIN,2020-11-06,4
LA LIBERTAD,2020-11-06,2
LAMBAYEQUE,2020-11-06,1
LIMA,2020-11-06,19
PIURA,2020-11-06,5
SAN MARTIN,2020-11-06,3
UCAYALI,2020-11-06,4
AREQUIPA,2020-11-07,3
CAJAMARCA,2020-11-07,2
CALLAO,2020-11-07,2
HUANCAVELICA,2020-11-07,1
JUNIN,2020-11-07,1
LA LIBERTAD,2020-11-07,1
LAMBAYEQUE,2020-11-07,3
LIMA,2020-11-07,17
MADRE DE DIOS,2020-11-07,1
PASCO,2020-11-07,1
PIURA,2020-11-07,1
PUNO,2020-11-07,1
TACNA,2020-11-07,2
TUMBES,2020-11-07,2
UCAYALI,2020-11-07,1
ANCASH,2020-11-08,3
AREQUIPA,2020-11-08,2
AYACUCHO,2020-11-08,1
CAJAMARCA,2020-11-08,2
CALLAO,2020-11-08,4
CUSCO,2020-11-08,1
HUANCAVELICA,2020-11-08,1
HUANUCO,2020-11-08,4
ICA,2020-11-08,1
JUNIN,2020-11-08,1
LA LIBERTAD,2020-11-08,4
LAMBAYEQUE,2020-11-08,1
LIMA,2020-11-08,35
LORETO,2020-11-08,1
MOQUEGUA,2020-11-08,1
PIURA,2020-11-08,2
AREQUIPA,2020-11-09,3
CAJAMARCA,2020-11-09,2
CALLAO,2020-11-09,2
CUSCO,2020-11-09,1
HUANCAVELICA,2020-11-09,1
ICA,2020-11-09,3
JUNIN,2020-11-09,1
LA LIBERTAD,2020-11-09,2
LAMBAYEQUE,2020-11-09,3
LIMA,2020-11-09,26
MOQUEGUA,2020-11-09,1
PIURA,2020-11-09,1
PUNO,2020-11-09,2
UCAYALI,2020-11-09,1
AMAZONAS,2020-11-10,1
ANCASH,2020-11-10,1
APURIMAC,2020-11-10,1
AREQUIPA,2020-11-10,1
CAJAMARCA,2020-11-10,3
CALLAO,2020-11-10,1
HUANUCO,2020-11-10,1
ICA,2020-11-10,1
JUNIN,2020-11-10,1
LA LIBERTAD,2020-11-10,1
LAMBAYEQUE,2020-11-10,4
LIMA,2020-11-10,18
LORETO,2020-11-10,1
PIURA,2020-11-10,2
SAN MARTIN,2020-11-10,1
TUMBES,2020-11-10,1
