Department,District,Active Cases,Deaths,Total
AMAZONAS,ARAMANGO,2952.0,0.0,2952.0
AMAZONAS,ASUNCION,3.0,0.0,3.0
AMAZONAS,BAGUA,1538.0,15.0,1553.0
AMAZONAS,BAGUA GRANDE,2481.0,0.0,2481.0
AMAZONAS,BALSAS,21.0,0.0,21.0
AMAZONAS,CAJARURO,214.0,0.0,214.0
AMAZONAS,CAMPORREDONDO,18.0,0.0,18.0
AMAZONAS,CHACHAPOYAS,1347.0,1.0,1348.0
AMAZONAS,CHETO,8.0,0.0,8.0
AMAZONAS,CHILIQUIN,1.0,0.0,1.0
AMAZONAS,CHIRIMOTO,4.0,0.0,4.0
AMAZONAS,CHISQUILLA,1.0,0.0,1.0
AMAZONAS,CHUQUIBAMBA,2.0,0.0,2.0
AMAZONAS,CHURUJA,12.0,0.0,12.0
AMAZONAS,COCABAMBA,1.0,0.0,1.0
AMAZONAS,COCHAMAL,4.0,0.0,4.0
AMAZONAS,COLCAMAR,4.0,0.0,4.0
AMAZONAS,CONILA,25.0,0.0,25.0
AMAZONAS,COPALLIN,67.0,0.0,67.0
AMAZONAS,COROSHA,1.0,0.0,1.0
AMAZONAS,CUISPES,5.0,0.0,5.0
AMAZONAS,CUMBA,27.0,0.0,27.0
AMAZONAS,EL CENEPA,569.0,0.0,569.0
AMAZONAS,EL MILAGRO,142.0,0.0,142.0
AMAZONAS,EL PARCO,63.0,0.0,63.0
AMAZONAS,EN INVESTIGACIÓN,73.0,0.0,73.0
AMAZONAS,FLORIDA,26.0,0.0,26.0
AMAZONAS,GRANADA,1.0,0.0,1.0
AMAZONAS,HUAMBO,8.0,0.0,8.0
AMAZONAS,HUANCAS,12.0,0.0,12.0
AMAZONAS,IMAZA,1249.0,0.0,1249.0
AMAZONAS,INGUILPATA,2.0,0.0,2.0
AMAZONAS,JAMALCA,59.0,0.0,59.0
AMAZONAS,JAZAN,177.0,0.0,177.0
AMAZONAS,JUMBILLA,10.0,0.0,10.0
AMAZONAS,LA JALCA,17.0,0.0,17.0
AMAZONAS,LA PECA,584.0,0.0,584.0
AMAZONAS,LAMUD,48.0,0.0,48.0
AMAZONAS,LEIMEBAMBA,15.0,0.0,15.0
AMAZONAS,LEVANTO,7.0,0.0,7.0
AMAZONAS,LIMABAMBA,1.0,0.0,1.0
AMAZONAS,LONGAR,3.0,0.0,3.0
AMAZONAS,LONGUITA,1.0,0.0,1.0
AMAZONAS,LONYA CHICO,1.0,0.0,1.0
AMAZONAS,LONYA GRANDE,25.0,0.0,25.0
AMAZONAS,LUYA,106.0,0.0,106.0
AMAZONAS,LUYA VIEJO,5.0,0.0,5.0
AMAZONAS,MAGDALENA,9.0,0.0,9.0
AMAZONAS,MARISCAL BENAVIDES,6.0,0.0,6.0
AMAZONAS,MARISCAL CASTILLA,4.0,0.0,4.0
AMAZONAS,MOLINOPAMPA,8.0,0.0,8.0
AMAZONAS,MONTEVIDEO,3.0,0.0,3.0
AMAZONAS,NIEVA,1296.0,0.0,1296.0
AMAZONAS,OCALLI,66.0,0.0,66.0
AMAZONAS,OCUMAL,16.0,0.0,16.0
AMAZONAS,OLLEROS,5.0,0.0,5.0
AMAZONAS,OMIA,9.0,0.0,9.0
AMAZONAS,PISUQUIA,37.0,0.0,37.0
AMAZONAS,PROVIDENCIA,7.0,0.0,7.0
AMAZONAS,QUINJALCA,6.0,0.0,6.0
AMAZONAS,RECTA,1.0,0.0,1.0
AMAZONAS,RIO SANTIAGO,385.0,0.0,385.0
AMAZONAS,SAN CARLOS,3.0,0.0,3.0
AMAZONAS,SAN CRISTOBAL,1.0,0.0,1.0
AMAZONAS,SAN FRANCISCO DE DAGUAS,5.0,0.0,5.0
AMAZONAS,SAN FRANCISCO DE YESO,7.0,0.0,7.0
AMAZONAS,SAN ISIDRO DE MAINO,5.0,0.0,5.0
AMAZONAS,SAN JERONIMO,1.0,0.0,1.0
AMAZONAS,SAN NICOLAS,32.0,0.0,32.0
AMAZONAS,SANTA CATALINA,17.0,0.0,17.0
AMAZONAS,SANTA ROSA,1.0,0.0,1.0
AMAZONAS,SANTO TOMAS,2.0,0.0,2.0
AMAZONAS,SHIPASBAMBA,5.0,0.0,5.0
AMAZONAS,SOLOCO,8.0,0.0,8.0
AMAZONAS,SONCHE,3.0,0.0,3.0
AMAZONAS,TINGO,10.0,0.0,10.0
AMAZONAS,TRITA,3.0,0.0,3.0
AMAZONAS,VALERA,5.0,0.0,5.0
AMAZONAS,VISTA ALEGRE,1.0,0.0,1.0
AMAZONAS,YAMBRASBAMBA,3.0,0.0,3.0
AMAZONAS,YAMON,17.0,0.0,17.0
ANCASH,ACAS,3.0,0.0,3.0
ANCASH,ACO,1.0,0.0,1.0
ANCASH,ACOBAMBA,2.0,0.0,2.0
ANCASH,ACOCHACA,3.0,0.0,3.0
ANCASH,ACOPAMPA,39.0,0.0,39.0
ANCASH,ACZO,2.0,0.0,2.0
ANCASH,AIJA,36.0,0.0,36.0
ANCASH,ALFONSO UGARTE,4.0,0.0,4.0
ANCASH,ANRA,3.0,0.0,3.0
ANCASH,ANTA,13.0,0.0,13.0
ANCASH,AQUIA,2.0,0.0,2.0
ANCASH,ATAQUERO,16.0,0.0,16.0
ANCASH,BUENA VISTA ALTA,30.0,0.0,30.0
ANCASH,CABANA,6.0,0.0,6.0
ANCASH,CACERES DEL PERU,32.0,0.0,32.0
ANCASH,CAJACAY,24.0,0.0,24.0
ANCASH,CAJAMARQUILLA,1.0,0.0,1.0
ANCASH,CAJAY,7.0,0.0,7.0
ANCASH,CARAZ,541.0,11.0,552.0
ANCASH,CARHUAPAMPA,18.0,0.0,18.0
ANCASH,CARHUAZ,171.0,2.0,173.0
ANCASH,CASCA,19.0,0.0,19.0
ANCASH,CASCAPARA,1.0,0.0,1.0
ANCASH,CASHAPAMPA,2.0,0.0,2.0
ANCASH,CASMA,593.0,8.0,601.0
ANCASH,CATAC,63.0,0.0,63.0
ANCASH,CHACAS,10.0,0.0,10.0
ANCASH,CHACCHO,1.0,0.0,1.0
ANCASH,CHAVIN DE HUANTAR,26.0,0.0,26.0
ANCASH,CHIMBOTE,6380.0,124.0,6504.0
ANCASH,CHINGALPO,3.0,0.0,3.0
ANCASH,CHINGAS,2.0,0.0,2.0
ANCASH,CHIQUIAN,23.0,0.0,23.0
ANCASH,COCHABAMBA,11.0,0.0,11.0
ANCASH,COCHAPETI,1.0,0.0,1.0
ANCASH,COCHAS,2.0,0.0,2.0
ANCASH,COISHCO,690.0,19.0,709.0
ANCASH,COLCABAMBA,2.0,0.0,2.0
ANCASH,COLQUIOC,41.0,0.0,41.0
ANCASH,COMANDANTE NOEL,28.0,1.0,29.0
ANCASH,CONCHUCOS,8.0,0.0,8.0
ANCASH,CONGAS,10.0,0.0,10.0
ANCASH,CORIS,3.0,0.0,3.0
ANCASH,CORONGO,5.0,0.0,5.0
ANCASH,COTAPARACO,2.0,0.0,2.0
ANCASH,CULEBRAS,92.0,0.0,92.0
ANCASH,CUSCA,13.0,0.0,13.0
ANCASH,ELEAZAR GUZMAN BARRON,3.0,0.0,3.0
ANCASH,EN INVESTIGACIÓN,448.0,0.0,448.0
ANCASH,FIDEL OLIVAS ESCUDERO,6.0,0.0,6.0
ANCASH,HUACACHI,4.0,0.0,4.0
ANCASH,HUACASCHUQUE,1.0,0.0,1.0
ANCASH,HUACCHIS,2.0,0.0,2.0
ANCASH,HUACHIS,4.0,0.0,4.0
ANCASH,HUACLLAN,4.0,0.0,4.0
ANCASH,HUALLANCA,42.0,0.0,42.0
ANCASH,HUANCHAY,5.0,0.0,5.0
ANCASH,HUANTAR,3.0,0.0,3.0
ANCASH,HUARAZ,3185.0,36.0,3221.0
ANCASH,HUARI,80.0,0.0,80.0
ANCASH,HUARMEY,1081.0,12.0,1093.0
ANCASH,HUASTA,5.0,0.0,5.0
ANCASH,HUAYAN,5.0,0.0,5.0
ANCASH,HUAYLAS,7.0,0.0,7.0
ANCASH,HUAYLLABAMBA,9.0,0.0,9.0
ANCASH,HUAYLLACAYAN,15.0,0.0,15.0
ANCASH,HUAYLLAN,22.0,0.0,22.0
ANCASH,HUAYLLAPAMPA,3.0,0.0,3.0
ANCASH,INDEPENDENCIA,1626.0,46.0,1672.0
ANCASH,JANGAS,21.0,0.0,21.0
ANCASH,LA LIBERTAD,4.0,0.0,4.0
ANCASH,LA MERCED,25.0,0.0,25.0
ANCASH,LA PAMPA,8.0,0.0,8.0
ANCASH,LLACLLIN,8.0,0.0,8.0
ANCASH,LLAMA,7.0,0.0,7.0
ANCASH,LLAMELLIN,27.0,0.0,27.0
ANCASH,LLUMPA,9.0,0.0,9.0
ANCASH,MACATE,3.0,0.0,3.0
ANCASH,MANCOS,14.0,0.0,14.0
ANCASH,MARCA,12.0,0.0,12.0
ANCASH,MARCARA,75.0,0.0,75.0
ANCASH,MASIN,5.0,0.0,5.0
ANCASH,MATACOTO,5.0,0.0,5.0
ANCASH,MATO,18.0,0.0,18.0
ANCASH,MIRGAS,5.0,0.0,5.0
ANCASH,MORO,91.0,0.0,91.0
ANCASH,MUSGA,1.0,0.0,1.0
ANCASH,NEPEÑA,119.0,8.0,127.0
ANCASH,NUEVO CHIMBOTE,3786.0,131.0,3917.0
ANCASH,OCROS,25.0,0.0,25.0
ANCASH,OLLEROS,3.0,0.0,3.0
ANCASH,PALLASCA,24.0,0.0,24.0
ANCASH,PAMPAROMAS,30.0,0.0,30.0
ANCASH,PAMPAS,10.0,1.0,11.0
ANCASH,PAMPAS CHICO,16.0,0.0,16.0
ANCASH,PAMPAS GRANDE,1.0,0.0,1.0
ANCASH,PARARIN,6.0,0.0,6.0
ANCASH,PARIACOTO,56.0,0.0,56.0
ANCASH,PARIAHUANCA,6.0,0.0,6.0
ANCASH,PAROBAMBA,25.0,0.0,25.0
ANCASH,PIRA,18.0,0.0,18.0
ANCASH,PISCOBAMBA,41.0,0.0,41.0
ANCASH,POMABAMBA,193.0,5.0,198.0
ANCASH,PONTO,1.0,0.0,1.0
ANCASH,PUEBLO LIBRE,57.0,0.0,57.0
ANCASH,QUICHES,6.0,0.0,6.0
ANCASH,QUILLO,51.0,0.0,51.0
ANCASH,QUINUABAMBA,7.0,0.0,7.0
ANCASH,RAHUAPAMPA,3.0,0.0,3.0
ANCASH,RANRAHIRCA,26.0,0.0,26.0
ANCASH,RAPAYAN,5.0,0.0,5.0
ANCASH,RECUAY,82.0,0.0,82.0
ANCASH,SAMANCO,78.0,3.0,81.0
ANCASH,SAN JUAN,4.0,0.0,4.0
ANCASH,SAN LUIS,14.0,0.0,14.0
ANCASH,SAN MARCOS,43.0,0.0,43.0
ANCASH,SAN MIGUEL DE ACO,5.0,0.0,5.0
ANCASH,SAN NICOLAS,4.0,0.0,4.0
ANCASH,SAN PEDRO,1.0,0.0,1.0
ANCASH,SAN PEDRO DE CHANA,3.0,0.0,3.0
ANCASH,SANTA,576.0,8.0,584.0
ANCASH,SANTA CRUZ,17.0,0.0,17.0
ANCASH,SANTA ROSA,1.0,0.0,1.0
ANCASH,SANTIAGO DE CHILCAS,1.0,0.0,1.0
ANCASH,SANTO TORIBIO,4.0,0.0,4.0
ANCASH,SHILLA,8.0,0.0,8.0
ANCASH,SHUPLUY,3.0,0.0,3.0
ANCASH,SICSIBAMBA,5.0,0.0,5.0
ANCASH,SIHUAS,119.0,0.0,119.0
ANCASH,SUCCHA,4.0,0.0,4.0
ANCASH,TAPACOCHA,4.0,0.0,4.0
ANCASH,TARICA,28.0,0.0,28.0
ANCASH,TAUCA,9.0,0.0,9.0
ANCASH,TICAPAMPA,47.0,0.0,47.0
ANCASH,TICLLOS,2.0,0.0,2.0
ANCASH,TINCO,37.0,0.0,37.0
ANCASH,UCO,2.0,0.0,2.0
ANCASH,YANAC,2.0,0.0,2.0
ANCASH,YANAMA,8.0,0.0,8.0
ANCASH,YAUTAN,65.0,1.0,66.0
ANCASH,YAUYA,1.0,0.0,1.0
ANCASH,YUNGAR,14.0,0.0,14.0
ANCASH,YUNGAY,160.0,1.0,161.0
ANCASH,YURACMARCA,36.0,0.0,36.0
APURIMAC,ABANCAY,2195.0,65.0,2260.0
APURIMAC,ANCO HUALLO,45.0,0.0,45.0
APURIMAC,ANDAHUAYLAS,582.0,19.0,601.0
APURIMAC,ANDARAPA,15.0,0.0,15.0
APURIMAC,ANTABAMBA,28.0,0.0,28.0
APURIMAC,CAPAYA,1.0,0.0,1.0
APURIMAC,CARAYBAMBA,1.0,0.0,1.0
APURIMAC,CHACOCHE,6.0,0.0,6.0
APURIMAC,CHALHUANCA,92.0,2.0,94.0
APURIMAC,CHALLHUAHUACHO,167.0,16.0,183.0
APURIMAC,CHAPIMARCA,14.0,0.0,14.0
APURIMAC,CHIARA,1.0,0.0,1.0
APURIMAC,CHINCHEROS,72.0,0.0,72.0
APURIMAC,CHUQUIBAMBILLA,33.0,0.0,33.0
APURIMAC,CIRCA,7.0,0.0,7.0
APURIMAC,COCHARCAS,3.0,0.0,3.0
APURIMAC,COLCABAMBA,2.0,0.0,2.0
APURIMAC,COTABAMBAS,15.0,0.0,15.0
APURIMAC,COTARUSE,20.0,0.0,20.0
APURIMAC,COYLLURQUI,15.0,0.0,15.0
APURIMAC,CURAHUASI,88.0,2.0,90.0
APURIMAC,CURPAHUASI,3.0,0.0,3.0
APURIMAC,EL ORO,4.0,0.0,4.0
APURIMAC,EN INVESTIGACIÓN,68.0,0.0,68.0
APURIMAC,HAQUIRA,48.0,0.0,48.0
APURIMAC,HUACCANA,19.0,0.0,19.0
APURIMAC,HUANCARAMA,29.0,0.0,29.0
APURIMAC,HUANCARAY,12.0,0.0,12.0
APURIMAC,HUANIPACA,4.0,0.0,4.0
APURIMAC,HUAQUIRCA,6.0,0.0,6.0
APURIMAC,HUAYANA,2.0,0.0,2.0
APURIMAC,JOSE MARIA ARGUEDAS,9.0,0.0,9.0
APURIMAC,JUAN ESPINOZA MEDRANO,7.0,0.0,7.0
APURIMAC,JUSTO APU SAHUARAURA,5.0,0.0,5.0
APURIMAC,KAQUIABAMBA,2.0,0.0,2.0
APURIMAC,KISHUARA,4.0,0.0,4.0
APURIMAC,LAMBRAMA,30.0,2.0,32.0
APURIMAC,LOS CHANKAS,5.0,0.0,5.0
APURIMAC,LUCRE,4.0,0.0,4.0
APURIMAC,MAMARA,1.0,0.0,1.0
APURIMAC,MARA,24.0,0.0,24.0
APURIMAC,MICAELA BASTIDAS,8.0,0.0,8.0
APURIMAC,OCOBAMBA,39.0,0.0,39.0
APURIMAC,ONGOY,13.0,0.0,13.0
APURIMAC,OROPESA,1.0,0.0,1.0
APURIMAC,PACHACONAS,4.0,0.0,4.0
APURIMAC,PACOBAMBA,9.0,0.0,9.0
APURIMAC,PACUCHA,19.0,0.0,19.0
APURIMAC,PAMPACHIRI,16.0,0.0,16.0
APURIMAC,PATAYPAMPA,3.0,0.0,3.0
APURIMAC,PICHIRHUA,10.0,0.0,10.0
APURIMAC,POCOHUANCA,1.0,0.0,1.0
APURIMAC,POMACOCHA,2.0,0.0,2.0
APURIMAC,PROGRESO,6.0,0.0,6.0
APURIMAC,RANRACANCHA,3.0,0.0,3.0
APURIMAC,ROCCHACC,1.0,0.0,1.0
APURIMAC,SAN ANTONIO DE CACHI,9.0,0.0,9.0
APURIMAC,SAN JERONIMO,121.0,0.0,121.0
APURIMAC,SAN MIGUEL DE CHACCRAMPA,4.0,0.0,4.0
APURIMAC,SAN PEDRO DE CACHORA,13.0,0.0,13.0
APURIMAC,SANTA MARIA DE CHICMO,17.0,0.0,17.0
APURIMAC,SANTA ROSA,2.0,0.0,2.0
APURIMAC,SORAYA,2.0,0.0,2.0
APURIMAC,TALAVERA,130.0,1.0,131.0
APURIMAC,TAMBOBAMBA,79.0,5.0,84.0
APURIMAC,TAMBURCO,183.0,3.0,186.0
APURIMAC,TAPAIRIHUA,5.0,0.0,5.0
APURIMAC,TINTAY,2.0,0.0,2.0
APURIMAC,TORAYA,3.0,0.0,3.0
APURIMAC,TUMAY HUARACA,3.0,0.0,3.0
APURIMAC,TURPAY,2.0,0.0,2.0
APURIMAC,TURPO,4.0,0.0,4.0
APURIMAC,URANMARCA,4.0,0.0,4.0
APURIMAC,VILCABAMBA,15.0,0.0,15.0
APURIMAC,VIRUNDO,2.0,0.0,2.0
APURIMAC,YANACA,6.0,0.0,6.0
AREQUIPA,ACARI,81.0,0.0,81.0
AREQUIPA,ACHOMA,12.0,0.0,12.0
AREQUIPA,ALCA,3.0,0.0,3.0
AREQUIPA,ALTO SELVA ALEGRE,2543.0,5.0,2548.0
AREQUIPA,ANDAGUA,4.0,0.0,4.0
AREQUIPA,APLAO,179.0,4.0,183.0
AREQUIPA,AREQUIPA,7075.0,180.0,7255.0
AREQUIPA,ATICO,77.0,2.0,79.0
AREQUIPA,ATIQUIPA,4.0,0.0,4.0
AREQUIPA,AYO,1.0,0.0,1.0
AREQUIPA,BELLA UNION,22.0,0.0,22.0
AREQUIPA,CABANACONDE,12.0,0.0,12.0
AREQUIPA,CAHUACHO,1.0,0.0,1.0
AREQUIPA,CALLALLI,3.0,0.0,3.0
AREQUIPA,CAMANA,332.0,5.0,337.0
AREQUIPA,CARAVELI,50.0,0.0,50.0
AREQUIPA,CAYARANI,3.0,0.0,3.0
AREQUIPA,CAYLLOMA,23.0,0.0,23.0
AREQUIPA,CAYMA,2554.0,24.0,2578.0
AREQUIPA,CERRO COLORADO,3178.0,80.0,3258.0
AREQUIPA,CHACHAS,2.0,0.0,2.0
AREQUIPA,CHALA,77.0,0.0,77.0
AREQUIPA,CHAPARRA,33.0,0.0,33.0
AREQUIPA,CHARACATO,233.0,0.0,233.0
AREQUIPA,CHARCANA,1.0,0.0,1.0
AREQUIPA,CHIGUATA,79.0,0.0,79.0
AREQUIPA,CHILCAYMARCA,1.0,0.0,1.0
AREQUIPA,CHIVAY,66.0,0.0,66.0
AREQUIPA,CHOCO,7.0,0.0,7.0
AREQUIPA,CHUQUIBAMBA,21.0,0.0,21.0
AREQUIPA,COCACHACRA,206.0,3.0,209.0
AREQUIPA,COPORAQUE,3.0,0.0,3.0
AREQUIPA,COTAHUASI,23.0,0.0,23.0
AREQUIPA,DEAN VALDIVIA,123.0,0.0,123.0
AREQUIPA,EN INVESTIGACIÓN,366.0,0.0,366.0
AREQUIPA,HUAMBO,5.0,0.0,5.0
AREQUIPA,HUANCA,10.0,0.0,10.0
AREQUIPA,HUANCARQUI,33.0,0.0,33.0
AREQUIPA,HUANUHUANU,11.0,0.0,11.0
AREQUIPA,HUAYNACOTAS,4.0,0.0,4.0
AREQUIPA,ICHUPAMPA,5.0,0.0,5.0
AREQUIPA,ISLAY,226.0,0.0,226.0
AREQUIPA,JACOBO HUNTER,2124.0,1.0,2125.0
AREQUIPA,JAQUI,9.0,0.0,9.0
AREQUIPA,JOSE LUIS BUSTAMANTE Y RIVERO,1990.0,2.0,1992.0
AREQUIPA,JOSE MARIA QUIMPER,59.0,0.0,59.0
AREQUIPA,LA JOYA,665.0,0.0,665.0
AREQUIPA,LARI,4.0,0.0,4.0
AREQUIPA,LLUTA,81.0,0.0,81.0
AREQUIPA,LOMAS,83.0,0.0,83.0
AREQUIPA,MACA,1.0,0.0,1.0
AREQUIPA,MACHAGUAY,2.0,0.0,2.0
AREQUIPA,MADRIGAL,2.0,0.0,2.0
AREQUIPA,MAJES,1187.0,9.0,1196.0
AREQUIPA,MARIANO MELGAR,2066.0,8.0,2074.0
AREQUIPA,MARIANO NICOLAS VALCARCEL,79.0,0.0,79.0
AREQUIPA,MARISCAL CACERES,34.0,0.0,34.0
AREQUIPA,MEJIA,22.0,0.0,22.0
AREQUIPA,MIRAFLORES,2241.0,3.0,2244.0
AREQUIPA,MOLLEBAYA,71.0,0.0,71.0
AREQUIPA,MOLLENDO,884.0,1.0,885.0
AREQUIPA,NICOLAS DE PIEROLA,62.0,0.0,62.0
AREQUIPA,OCOÑA,7.0,0.0,7.0
AREQUIPA,ORCOPAMPA,26.0,0.0,26.0
AREQUIPA,PAMPACOLCA,7.0,0.0,7.0
AREQUIPA,PAMPAMARCA,2.0,0.0,2.0
AREQUIPA,PAUCARPATA,4489.0,8.0,4497.0
AREQUIPA,POCSI,4.0,0.0,4.0
AREQUIPA,POLOBAYA,8.0,2.0,10.0
AREQUIPA,PUNTA DE BOMBON,106.0,0.0,106.0
AREQUIPA,PUYCA,6.0,0.0,6.0
AREQUIPA,QUECHUALLA,3.0,0.0,3.0
AREQUIPA,QUEQUEÑA,1.0,0.0,1.0
AREQUIPA,QUICACHA,7.0,0.0,7.0
AREQUIPA,QUILCA,6.0,0.0,6.0
AREQUIPA,RIO GRANDE,50.0,0.0,50.0
AREQUIPA,SABANDIA,104.0,0.0,104.0
AREQUIPA,SACHACA,692.0,0.0,692.0
AREQUIPA,SALAMANCA,1.0,0.0,1.0
AREQUIPA,SAMUEL PASTOR,170.0,0.0,170.0
AREQUIPA,SAN ANTONIO DE CHUCA,7.0,0.0,7.0
AREQUIPA,SAN JUAN DE SIGUAS,8.0,0.0,8.0
AREQUIPA,SAN JUAN DE TARUCANI,21.0,0.0,21.0
AREQUIPA,SANTA ISABEL DE SIGUAS,5.0,0.0,5.0
AREQUIPA,SIBAYO,2.0,0.0,2.0
AREQUIPA,SOCABAYA,2040.0,2.0,2042.0
AREQUIPA,TAPAY,5.0,0.0,5.0
AREQUIPA,TIABAYA,446.0,4.0,450.0
AREQUIPA,TIPAN,4.0,0.0,4.0
AREQUIPA,TISCO,5.0,0.0,5.0
AREQUIPA,TOMEPAMPA,4.0,0.0,4.0
AREQUIPA,TORO,4.0,0.0,4.0
AREQUIPA,TUTI,3.0,0.0,3.0
AREQUIPA,UCHUMAYO,414.0,1.0,415.0
AREQUIPA,URACA,96.0,1.0,97.0
AREQUIPA,VIRACO,5.0,0.0,5.0
AREQUIPA,VITOR,102.0,0.0,102.0
AREQUIPA,YANAHUARA,1381.0,34.0,1415.0
AREQUIPA,YANAQUIHUA,11.0,0.0,11.0
AREQUIPA,YANQUE,1.0,0.0,1.0
AREQUIPA,YARABAMBA,34.0,0.0,34.0
AREQUIPA,YAUCA,22.0,0.0,22.0
AREQUIPA,YURA,421.0,0.0,421.0
AYACUCHO,ACCOMARCA,2.0,0.0,2.0
AYACUCHO,ACOCRO,6.0,0.0,6.0
AYACUCHO,ACOS VINCHOS,14.0,0.0,14.0
AYACUCHO,ALCAMENCA,7.0,0.0,7.0
AYACUCHO,ANCHIHUAY,7.0,0.0,7.0
AYACUCHO,ANCO,16.0,0.0,16.0
AYACUCHO,ANDRES AVELINO CACERES D.,666.0,120.0,786.0
AYACUCHO,APONGO,7.0,0.0,7.0
AYACUCHO,ASQUIPATA,3.0,0.0,3.0
AYACUCHO,AUCARA,5.0,0.0,5.0
AYACUCHO,AYACUCHO,4202.0,330.0,4532.0
AYACUCHO,AYAHUANCO,4.0,0.0,4.0
AYACUCHO,AYNA,191.0,5.0,196.0
AYACUCHO,BELEN,1.0,0.0,1.0
AYACUCHO,CABANA,10.0,0.0,10.0
AYACUCHO,CANARIA,53.0,0.0,53.0
AYACUCHO,CANAYRE,33.0,0.0,33.0
AYACUCHO,CANGALLO,65.0,3.0,68.0
AYACUCHO,CARAPO,2.0,0.0,2.0
AYACUCHO,CARHUANCA,1.0,0.0,1.0
AYACUCHO,CARMEN ALTO,400.0,27.0,427.0
AYACUCHO,CARMEN SALCEDO,4.0,0.0,4.0
AYACUCHO,CAYARA,5.0,0.0,5.0
AYACUCHO,CHACA,3.0,0.0,3.0
AYACUCHO,CHAVIÑA,9.0,0.0,9.0
AYACUCHO,CHIARA,6.0,2.0,8.0
AYACUCHO,CHILCAS,5.0,0.0,5.0
AYACUCHO,CHILCAYOC,1.0,0.0,1.0
AYACUCHO,CHIPAO,7.0,0.0,7.0
AYACUCHO,CHUMPI,22.0,0.0,22.0
AYACUCHO,CHUNGUI,11.0,0.0,11.0
AYACUCHO,CHUSCHI,14.0,0.0,14.0
AYACUCHO,CONCEPCION,1.0,0.0,1.0
AYACUCHO,CORACORA,308.0,6.0,314.0
AYACUCHO,CORCULLA,1.0,0.0,1.0
AYACUCHO,EN INVESTIGACIÓN,98.0,0.0,98.0
AYACUCHO,HUALLA,1.0,0.0,1.0
AYACUCHO,HUAMANGUILLA,7.0,1.0,8.0
AYACUCHO,HUAMANQUIQUIA,1.0,0.0,1.0
AYACUCHO,HUANCAPI,32.0,0.0,32.0
AYACUCHO,HUANCARAYLLA,18.0,0.0,18.0
AYACUCHO,HUANTA,859.0,19.0,878.0
AYACUCHO,IGUAIN,9.0,0.0,9.0
AYACUCHO,INDEPENDENCIA,5.0,0.0,5.0
AYACUCHO,JESUS NAZARENO,446.0,34.0,480.0
AYACUCHO,LAMPA,5.0,0.0,5.0
AYACUCHO,LARAMATE,4.0,0.0,4.0
AYACUCHO,LEONCIO PRADO,1.0,0.0,1.0
AYACUCHO,LLOCHEGUA,143.0,0.0,143.0
AYACUCHO,LOS MOROCHUCOS,59.0,0.0,59.0
AYACUCHO,LUCANAS,8.0,0.0,8.0
AYACUCHO,LUIS CARRANZA,0.0,1.0,1.0
AYACUCHO,LURICOCHA,50.0,2.0,52.0
AYACUCHO,MARCABAMBA,12.0,0.0,12.0
AYACUCHO,MARIA PARADO DE BELLIDO,9.0,2.0,11.0
AYACUCHO,MORCOLLA,1.0,0.0,1.0
AYACUCHO,OCROS,4.0,3.0,7.0
AYACUCHO,ORONCCOY,1.0,0.0,1.0
AYACUCHO,OTOCA,3.0,0.0,3.0
AYACUCHO,OYOLO,7.0,0.0,7.0
AYACUCHO,PACAPAUSA,4.0,0.0,4.0
AYACUCHO,PACAYCASA,27.0,4.0,31.0
AYACUCHO,PARARCA,2.0,0.0,2.0
AYACUCHO,PARAS,6.0,0.0,6.0
AYACUCHO,PAUSA,27.0,0.0,27.0
AYACUCHO,PUCACOLPA,8.0,0.0,8.0
AYACUCHO,PULLO,11.0,0.0,11.0
AYACUCHO,PUQUIO,389.0,22.0,411.0
AYACUCHO,PUYUSCA,19.0,0.0,19.0
AYACUCHO,QUEROBAMBA,18.0,0.0,18.0
AYACUCHO,QUINUA,36.0,2.0,38.0
AYACUCHO,SACSAMARCA,8.0,0.0,8.0
AYACUCHO,SAMUGARI,50.0,37.0,87.0
AYACUCHO,SAN CRISTOBAL,7.0,0.0,7.0
AYACUCHO,SAN FRANCISCO DE RAVACAYCO,2.0,0.0,2.0
AYACUCHO,SAN JOSE DE TICLLAS,3.0,0.0,3.0
AYACUCHO,SAN JUAN,2.0,0.0,2.0
AYACUCHO,SAN JUAN BAUTISTA,1229.0,121.0,1350.0
AYACUCHO,SAN MIGUEL,90.0,15.0,105.0
AYACUCHO,SAN PEDRO,4.0,0.0,4.0
AYACUCHO,SAN PEDRO DE PALCO,2.0,0.0,2.0
AYACUCHO,SAN SALVADOR DE QUIJE,1.0,0.0,1.0
AYACUCHO,SANCOS,88.0,0.0,88.0
AYACUCHO,SANTA LUCIA,2.0,0.0,2.0
AYACUCHO,SANTA ROSA,18.0,0.0,18.0
AYACUCHO,SANTIAGO DE LUCANAMARCA,6.0,0.0,6.0
AYACUCHO,SANTIAGO DE PISCHA,7.0,0.0,7.0
AYACUCHO,SANTILLANA,4.0,0.0,4.0
AYACUCHO,SARHUA,12.0,0.0,12.0
AYACUCHO,SIVIA,91.0,0.0,91.0
AYACUCHO,SOCOS,32.0,3.0,35.0
AYACUCHO,SORAS,2.0,0.0,2.0
AYACUCHO,TAMBILLO,25.0,2.0,27.0
AYACUCHO,TAMBO,67.0,8.0,75.0
AYACUCHO,TOTOS,6.0,0.0,6.0
AYACUCHO,VILCANCHOS,2.0,0.0,2.0
AYACUCHO,VILCAS HUAMAN,40.0,1.0,41.0
AYACUCHO,VINCHOS,29.0,0.0,29.0
AYACUCHO,VISCHONGO,11.0,0.0,11.0
CAJAMARCA,ANGUIA,3.0,0.0,3.0
CAJAMARCA,ASUNCION,10.0,0.0,10.0
CAJAMARCA,BAMBAMARCA,490.0,1.0,491.0
CAJAMARCA,BELLAVISTA,434.0,8.0,442.0
CAJAMARCA,BOLIVAR,7.0,0.0,7.0
CAJAMARCA,CACHACHI,48.0,0.0,48.0
CAJAMARCA,CAJABAMBA,299.0,2.0,301.0
CAJAMARCA,CAJAMARCA,6312.0,26.0,6338.0
CAJAMARCA,CALLAYUC,18.0,0.0,18.0
CAJAMARCA,CALQUIS,2.0,0.0,2.0
CAJAMARCA,CATACHE,14.0,0.0,14.0
CAJAMARCA,CATILLUC,21.0,0.0,21.0
CAJAMARCA,CELENDIN,201.0,0.0,201.0
CAJAMARCA,CHALAMARCA,7.0,0.0,7.0
CAJAMARCA,CHANCAY,3.0,0.0,3.0
CAJAMARCA,CHANCAYBAÑOS,4.0,0.0,4.0
CAJAMARCA,CHETILLA,2.0,0.0,2.0
CAJAMARCA,CHIGUIRIP,9.0,0.0,9.0
CAJAMARCA,CHILETE,45.0,0.0,45.0
CAJAMARCA,CHIMBAN,3.0,0.0,3.0
CAJAMARCA,CHIRINOS,79.0,0.0,79.0
CAJAMARCA,CHONTALI,34.0,0.0,34.0
CAJAMARCA,CHOROS,9.0,0.0,9.0
CAJAMARCA,CHOTA,377.0,0.0,377.0
CAJAMARCA,CHUGUR,4.0,0.0,4.0
CAJAMARCA,CHUMUCH,3.0,0.0,3.0
CAJAMARCA,COCHABAMBA,57.0,0.0,57.0
CAJAMARCA,COLASAY,120.0,9.0,129.0
CAJAMARCA,CONCHAN,22.0,0.0,22.0
CAJAMARCA,CONDEBAMBA,11.0,0.0,11.0
CAJAMARCA,CONTUMAZA,25.0,0.0,25.0
CAJAMARCA,CORTEGANA,9.0,0.0,9.0
CAJAMARCA,COSPAN,13.0,0.0,13.0
CAJAMARCA,CUJILLO,2.0,0.0,2.0
CAJAMARCA,CUPISNIQUE,2.0,0.0,2.0
CAJAMARCA,CUTERVO,291.0,5.0,296.0
CAJAMARCA,EDUARDO VILLANUEVA,4.0,0.0,4.0
CAJAMARCA,EL PRADO,40.0,0.0,40.0
CAJAMARCA,EN INVESTIGACIÓN,717.0,0.0,717.0
CAJAMARCA,GREGORIO PITA,3.0,0.0,3.0
CAJAMARCA,HUABAL,58.0,1.0,59.0
CAJAMARCA,HUALGAYOC,215.0,12.0,227.0
CAJAMARCA,HUAMBOS,16.0,0.0,16.0
CAJAMARCA,HUARANGO,327.0,0.0,327.0
CAJAMARCA,HUASMIN,4.0,0.0,4.0
CAJAMARCA,ICHOCAN,9.0,0.0,9.0
CAJAMARCA,JAEN,5027.0,93.0,5120.0
CAJAMARCA,JESUS,143.0,2.0,145.0
CAJAMARCA,JORGE CHAVEZ,2.0,0.0,2.0
CAJAMARCA,JOSE GALVEZ,33.0,0.0,33.0
CAJAMARCA,JOSE MANUEL QUIROZ,1.0,0.0,1.0
CAJAMARCA,JOSE SABOGAL,6.0,0.0,6.0
CAJAMARCA,LA COIPA,176.0,0.0,176.0
CAJAMARCA,LA ESPERANZA,6.0,0.0,6.0
CAJAMARCA,LA FLORIDA,15.0,0.0,15.0
CAJAMARCA,LA LIBERTAD DE PALLAN,7.0,0.0,7.0
CAJAMARCA,LA RAMADA,5.0,0.0,5.0
CAJAMARCA,LAJAS,45.0,0.0,45.0
CAJAMARCA,LAS PIRIAS,25.0,0.0,25.0
CAJAMARCA,LLACANORA,21.0,0.0,21.0
CAJAMARCA,LLAMA,26.0,0.0,26.0
CAJAMARCA,LLAPA,40.0,0.0,40.0
CAJAMARCA,LOS BAÑOS DEL INCA,142.0,2.0,144.0
CAJAMARCA,MAGDALENA,153.0,0.0,153.0
CAJAMARCA,MATARA,16.0,0.0,16.0
CAJAMARCA,MIGUEL IGLESIAS,4.0,0.0,4.0
CAJAMARCA,NAMBALLE,157.0,0.0,157.0
CAJAMARCA,NAMORA,36.0,0.0,36.0
CAJAMARCA,NANCHOC,5.0,0.0,5.0
CAJAMARCA,NIEPOS,14.0,0.0,14.0
CAJAMARCA,NINABAMBA,5.0,0.0,5.0
CAJAMARCA,OXAMARCA,3.0,0.0,3.0
CAJAMARCA,PACCHA,16.0,0.0,16.0
CAJAMARCA,PEDRO GALVEZ,132.0,0.0,132.0
CAJAMARCA,PIMPINGOS,7.0,0.0,7.0
CAJAMARCA,POMAHUACA,121.0,10.0,131.0
CAJAMARCA,PUCARA,146.0,2.0,148.0
CAJAMARCA,PULAN,73.0,2.0,75.0
CAJAMARCA,QUEROCOTILLO,21.0,0.0,21.0
CAJAMARCA,QUEROCOTO,7.0,0.0,7.0
CAJAMARCA,SALLIQUE,59.0,1.0,60.0
CAJAMARCA,SAN ANDRES DE CUTERVO,4.0,0.0,4.0
CAJAMARCA,SAN BENITO,20.0,0.0,20.0
CAJAMARCA,SAN BERNARDINO,8.0,0.0,8.0
CAJAMARCA,SAN FELIPE,51.0,6.0,57.0
CAJAMARCA,SAN GREGORIO,10.0,0.0,10.0
CAJAMARCA,SAN IGNACIO,790.0,3.0,793.0
CAJAMARCA,SAN JOSE DE LOURDES,259.0,4.0,263.0
CAJAMARCA,SAN JOSE DEL ALTO,80.0,0.0,80.0
CAJAMARCA,SAN JUAN,14.0,0.0,14.0
CAJAMARCA,SAN JUAN DE CUTERVO,7.0,0.0,7.0
CAJAMARCA,SAN JUAN DE LICUPIS,3.0,0.0,3.0
CAJAMARCA,SAN LUIS,3.0,0.0,3.0
CAJAMARCA,SAN LUIS DE LUCMA,15.0,0.0,15.0
CAJAMARCA,SAN MIGUEL,94.0,2.0,96.0
CAJAMARCA,SAN PABLO,91.0,0.0,91.0
CAJAMARCA,SANTA CRUZ,141.0,0.0,141.0
CAJAMARCA,SANTA CRUZ DE TOLED,1.0,0.0,1.0
CAJAMARCA,SANTA ROSA,77.0,2.0,79.0
CAJAMARCA,SANTO DOMINGO DE LA CAPILLA,7.0,0.0,7.0
CAJAMARCA,SANTO TOMAS,19.0,0.0,19.0
CAJAMARCA,SAUCEPAMPA,4.0,0.0,4.0
CAJAMARCA,SEXI,1.0,0.0,1.0
CAJAMARCA,SITACOCHA,15.0,0.0,15.0
CAJAMARCA,SOCOTA,12.0,0.0,12.0
CAJAMARCA,SOROCHUCO,5.0,0.0,5.0
CAJAMARCA,SUCRE,30.0,0.0,30.0
CAJAMARCA,TABACONAS,12.0,0.0,12.0
CAJAMARCA,TACABAMBA,27.0,0.0,27.0
CAJAMARCA,TANTARICA,2.0,0.0,2.0
CAJAMARCA,TOCMOCHE,7.0,0.0,7.0
CAJAMARCA,TONGOD,26.0,0.0,26.0
CAJAMARCA,TUMBADEN,11.0,0.0,11.0
CAJAMARCA,UNION AGUA BLANCA,11.0,0.0,11.0
CAJAMARCA,UTCO,4.0,0.0,4.0
CAJAMARCA,YAUYUCAN,3.0,0.0,3.0
CAJAMARCA,YONAN,74.0,0.0,74.0
CALLAO,BELLAVISTA,5567.0,607.0,6174.0
CALLAO,CALLAO,15685.0,393.0,16078.0
CALLAO,EN INVESTIGACIÓN,1658.0,22.0,1680.0
CALLAO,LA PERLA,878.0,13.0,891.0
CALLAO,LA PUNTA,50.0,0.0,50.0
CALLAO,MI PERU,868.0,6.0,874.0
CALLAO,VENTANILLA,5949.0,32.0,5981.0
CUSCO,ACCHA,23.0,0.0,23.0
CUSCO,ACOMAYO,30.0,0.0,30.0
CUSCO,ACOPIA,18.0,0.0,18.0
CUSCO,ACOS,7.0,0.0,7.0
CUSCO,ALTO PICHIGUA,6.0,0.0,6.0
CUSCO,ANCAHUASI,28.0,1.0,29.0
CUSCO,ANDAHUAYLILLAS,36.0,0.0,36.0
CUSCO,ANTA,254.0,6.0,260.0
CUSCO,CACHIMAYO,26.0,0.0,26.0
CUSCO,CAICAY,9.0,0.0,9.0
CUSCO,CALCA,131.0,3.0,134.0
CUSCO,CAMANTI,8.0,1.0,9.0
CUSCO,CAPACMARCA,14.0,0.0,14.0
CUSCO,CCAPI,10.0,0.0,10.0
CUSCO,CCARHUAYO,3.0,0.0,3.0
CUSCO,CCATCA,54.0,1.0,55.0
CUSCO,CCORCA,18.0,1.0,19.0
CUSCO,CHALLABAMBA,5.0,0.0,5.0
CUSCO,CHAMACA,9.0,0.0,9.0
CUSCO,CHECACUPE,7.0,0.0,7.0
CUSCO,CHECCA,5.0,0.0,5.0
CUSCO,CHINCHAYPUJIO,7.0,0.0,7.0
CUSCO,CHINCHERO,38.0,0.0,38.0
CUSCO,COLCHA,2.0,0.0,2.0
CUSCO,COLQUEMARCA,7.0,0.0,7.0
CUSCO,COLQUEPATA,6.0,0.0,6.0
CUSCO,COMBAPATA,38.0,0.0,38.0
CUSCO,COPORAQUE,9.0,0.0,9.0
CUSCO,COYA,15.0,0.0,15.0
CUSCO,CUSCO,3940.0,90.0,4030.0
CUSCO,CUSIPATA,10.0,0.0,10.0
CUSCO,ECHARATE,195.0,2.0,197.0
CUSCO,EN INVESTIGACIÓN,87.0,0.0,87.0
CUSCO,ESPINAR,259.0,1.0,260.0
CUSCO,HUANCARANI,17.0,1.0,18.0
CUSCO,HUANOQUITE,4.0,0.0,4.0
CUSCO,HUARO,22.0,0.0,22.0
CUSCO,HUAROCONDO,49.0,1.0,50.0
CUSCO,HUAYLLABAMBA,17.0,0.0,17.0
CUSCO,HUAYOPATA,42.0,0.0,42.0
CUSCO,INKAWASI,3.0,1.0,4.0
CUSCO,KIMBIRI,138.0,1.0,139.0
CUSCO,KUNTURKANKI,15.0,0.0,15.0
CUSCO,LAMAY,14.0,0.0,14.0
CUSCO,LANGUI,11.0,0.0,11.0
CUSCO,LARES,8.0,0.0,8.0
CUSCO,LAYO,7.0,0.0,7.0
CUSCO,LIMATAMBO,38.0,1.0,39.0
CUSCO,LIVITACA,16.0,0.0,16.0
CUSCO,LLUSCO,5.0,0.0,5.0
CUSCO,LUCRE,40.0,0.0,40.0
CUSCO,MACHUPICCHU,66.0,0.0,66.0
CUSCO,MARANGANI,28.0,0.0,28.0
CUSCO,MARANURA,41.0,1.0,42.0
CUSCO,MARAS,20.0,0.0,20.0
CUSCO,MARCAPATA,20.0,0.0,20.0
CUSCO,MEGANTONI,56.0,0.0,56.0
CUSCO,MOLLEPATA,6.0,0.0,6.0
CUSCO,MOSOC LLACTA,3.0,0.0,3.0
CUSCO,OCOBAMBA,12.0,0.0,12.0
CUSCO,OCONGATE,35.0,2.0,37.0
CUSCO,OCORURO,2.0,0.0,2.0
CUSCO,OLLANTAYTAMBO,50.0,0.0,50.0
CUSCO,OMACHA,4.0,0.0,4.0
CUSCO,OROPESA,139.0,0.0,139.0
CUSCO,PACCARITAMBO,3.0,0.0,3.0
CUSCO,PALLPATA,5.0,0.0,5.0
CUSCO,PAMPAMARCA,8.0,0.0,8.0
CUSCO,PARURO,11.0,0.0,11.0
CUSCO,PAUCARTAMBO,92.0,2.0,94.0
CUSCO,PICHARI,219.0,11.0,230.0
CUSCO,PICHIGUA,9.0,0.0,9.0
CUSCO,PISAC,55.0,1.0,56.0
CUSCO,PITUMARCA,6.0,0.0,6.0
CUSCO,POMACANCHI,30.0,0.0,30.0
CUSCO,POROY,59.0,0.0,59.0
CUSCO,PUCYURA,15.0,0.0,15.0
CUSCO,QUEHUE,7.0,0.0,7.0
CUSCO,QUELLOUNO,39.0,1.0,40.0
CUSCO,QUIQUIJANA,23.0,2.0,25.0
CUSCO,QUIÑOTA,2.0,1.0,3.0
CUSCO,RONDOCAN,11.0,0.0,11.0
CUSCO,SAN JERONIMO,1449.0,63.0,1512.0
CUSCO,SAN PABLO,8.0,0.0,8.0
CUSCO,SAN PEDRO,6.0,0.0,6.0
CUSCO,SAN SALVADOR,2.0,0.0,2.0
CUSCO,SAN SEBASTIAN,2246.0,49.0,2295.0
CUSCO,SANGARARA,18.0,0.0,18.0
CUSCO,SANTA ANA,1528.0,41.0,1569.0
CUSCO,SANTA TERESA,16.0,0.0,16.0
CUSCO,SANTIAGO,2936.0,65.0,3001.0
CUSCO,SANTO TOMAS,113.0,1.0,114.0
CUSCO,SAYLLA,38.0,0.0,38.0
CUSCO,SICUANI,783.0,6.0,789.0
CUSCO,SUYCKUTAMBO,4.0,0.0,4.0
CUSCO,TARAY,8.0,0.0,8.0
CUSCO,TINTA,23.0,0.0,23.0
CUSCO,TUPAC AMARU,7.0,0.0,7.0
CUSCO,URCOS,133.0,7.0,140.0
CUSCO,URUBAMBA,192.0,2.0,194.0
CUSCO,VELILLE,23.0,0.0,23.0
CUSCO,VILCABAMBA,16.0,0.0,16.0
CUSCO,VILLA VIRGEN,1.0,0.0,1.0
CUSCO,WANCHAQ,2971.0,73.0,3044.0
CUSCO,YANAOCA,50.0,0.0,50.0
CUSCO,YANATILE,12.0,1.0,13.0
CUSCO,YAURISQUE,8.0,0.0,8.0
CUSCO,YUCAY,14.0,0.0,14.0
CUSCO,ZURITE,21.0,0.0,21.0
HUANCAVELICA,ACOBAMBA,181.0,9.0,190.0
HUANCAVELICA,ACOBAMBILLA,16.0,0.0,16.0
HUANCAVELICA,ACORIA,74.0,0.0,74.0
HUANCAVELICA,ACOSTAMBO,20.0,0.0,20.0
HUANCAVELICA,ACRAQUIA,50.0,0.0,50.0
HUANCAVELICA,AHUAYCHA,40.0,0.0,40.0
HUANCAVELICA,ANCHONGA,71.0,0.0,71.0
HUANCAVELICA,ANCO,32.0,0.0,32.0
HUANCAVELICA,ANDABAMBA,35.0,0.0,35.0
HUANCAVELICA,ANDAYMARCA,7.0,0.0,7.0
HUANCAVELICA,ANTA,37.0,0.0,37.0
HUANCAVELICA,ARMA,4.0,0.0,4.0
HUANCAVELICA,ASCENSION,592.0,52.0,644.0
HUANCAVELICA,AURAHUA,8.0,0.0,8.0
HUANCAVELICA,AYAVI,9.0,0.0,9.0
HUANCAVELICA,CAJA,6.0,1.0,7.0
HUANCAVELICA,CALLANMARCA,3.0,0.0,3.0
HUANCAVELICA,CAPILLAS,1.0,0.0,1.0
HUANCAVELICA,CASTROVIRREYNA,44.0,2.0,46.0
HUANCAVELICA,CCOCHACCASA,139.0,1.0,140.0
HUANCAVELICA,CHINCHIHUASI,4.0,0.0,4.0
HUANCAVELICA,CHINCHO,4.0,0.0,4.0
HUANCAVELICA,CHUPAMARCA,1.0,0.0,1.0
HUANCAVELICA,CHURCAMPA,58.0,0.0,58.0
HUANCAVELICA,COLCABAMBA,24.0,0.0,24.0
HUANCAVELICA,CONAYCA,3.0,0.0,3.0
HUANCAVELICA,CONGALLA,9.0,0.0,9.0
HUANCAVELICA,CORDOVA,6.0,0.0,6.0
HUANCAVELICA,COSME,13.0,0.0,13.0
HUANCAVELICA,CUENCA,1.0,0.0,1.0
HUANCAVELICA,DANIEL HERNANDEZ,173.0,1.0,174.0
HUANCAVELICA,EL CARMEN,5.0,0.0,5.0
HUANCAVELICA,EN INVESTIGACIÓN,139.0,0.0,139.0
HUANCAVELICA,HUACHOCOLPA,58.0,0.0,58.0
HUANCAVELICA,HUACHOS,18.0,0.0,18.0
HUANCAVELICA,HUANCAVELICA,2505.0,95.0,2600.0
HUANCAVELICA,HUANDO,62.0,0.0,62.0
HUANCAVELICA,HUARIBAMBA,33.0,0.0,33.0
HUANCAVELICA,HUAYACUNDO ARMA,2.0,0.0,2.0
HUANCAVELICA,HUAYTARA,84.0,1.0,85.0
HUANCAVELICA,IZCUCHACA,12.0,0.0,12.0
HUANCAVELICA,JULCAMARCA,4.0,0.0,4.0
HUANCAVELICA,LA MERCED,3.0,0.0,3.0
HUANCAVELICA,LARAMARCA,2.0,0.0,2.0
HUANCAVELICA,LIRCAY,442.0,8.0,450.0
HUANCAVELICA,LOCROJA,9.0,0.0,9.0
HUANCAVELICA,MANTA,2.0,0.0,2.0
HUANCAVELICA,MARCAS,5.0,0.0,5.0
HUANCAVELICA,MARISCAL CACERES,12.0,0.0,12.0
HUANCAVELICA,MOLLEPAMPA,1.0,0.0,1.0
HUANCAVELICA,MOYA,8.0,0.0,8.0
HUANCAVELICA,NUEVO OCCORO,4.0,0.0,4.0
HUANCAVELICA,OCOYO,1.0,0.0,1.0
HUANCAVELICA,PACHAMARCA,3.0,0.0,3.0
HUANCAVELICA,PALCA,11.0,1.0,12.0
HUANCAVELICA,PAMPAS,299.0,8.0,307.0
HUANCAVELICA,PAUCARA,230.0,4.0,234.0
HUANCAVELICA,PAUCARBAMBA,25.0,0.0,25.0
HUANCAVELICA,PAZOS,9.0,0.0,9.0
HUANCAVELICA,PICHOS,4.0,0.0,4.0
HUANCAVELICA,PILCHACA,1.0,0.0,1.0
HUANCAVELICA,PILPICHACA,10.0,2.0,12.0
HUANCAVELICA,POMACOCHA,14.0,0.0,14.0
HUANCAVELICA,QUERCO,18.0,0.0,18.0
HUANCAVELICA,QUICHUAS,11.0,0.0,11.0
HUANCAVELICA,QUISHUAR,2.0,0.0,2.0
HUANCAVELICA,QUITO ARMA,3.0,0.0,3.0
HUANCAVELICA,ROBLE,3.0,0.0,3.0
HUANCAVELICA,ROSARIO,31.0,0.0,31.0
HUANCAVELICA,SALCABAMBA,20.0,0.0,20.0
HUANCAVELICA,SALCAHUASI,8.0,0.0,8.0
HUANCAVELICA,SAN ANTONIO DE ANTAPARCO,1.0,0.0,1.0
HUANCAVELICA,SAN ANTONIO DE CUSICANCHA,1.0,0.0,1.0
HUANCAVELICA,SAN FRANCISCO DE SANGAYAICO,11.0,0.0,11.0
HUANCAVELICA,SAN ISIDRO,1.0,0.0,1.0
HUANCAVELICA,SAN JUAN,2.0,0.0,2.0
HUANCAVELICA,SAN MARCOS DE ROCCHAC,17.0,0.0,17.0
HUANCAVELICA,SAN MIGUEL DE MAYOCC,7.0,0.0,7.0
HUANCAVELICA,SAN PEDRO DE CORIS,81.0,0.0,81.0
HUANCAVELICA,SANTA ANA,32.0,1.0,33.0
HUANCAVELICA,SANTIAGO DE CHOCORVOS,21.0,0.0,21.0
HUANCAVELICA,SANTIAGO DE QUIRAHUARA,1.0,0.0,1.0
HUANCAVELICA,SANTIAGO DE TUCUMA,2.0,0.0,2.0
HUANCAVELICA,SANTO DOMINGO DE CAPILLAS,1.0,0.0,1.0
HUANCAVELICA,SANTO TOMAS DE PATA,3.0,0.0,3.0
HUANCAVELICA,SECCLLA,16.0,0.0,16.0
HUANCAVELICA,SURCUBAMBA,32.0,0.0,32.0
HUANCAVELICA,TAMBO,1.0,0.0,1.0
HUANCAVELICA,TANTARA,2.0,0.0,2.0
HUANCAVELICA,TICRAPO,46.0,0.0,46.0
HUANCAVELICA,TINTAY PUNCU,8.0,0.0,8.0
HUANCAVELICA,VILCA,3.0,0.0,3.0
HUANCAVELICA,YAULI,123.0,0.0,123.0
HUANUCO,AMARILIS,2665.0,74.0,2739.0
HUANUCO,AMBO,273.0,9.0,282.0
HUANUCO,APARICIO POMARES,19.0,0.0,19.0
HUANUCO,ARANCAY,5.0,0.0,5.0
HUANUCO,BAÑOS,4.0,0.0,4.0
HUANUCO,CAHUAC,10.0,0.0,10.0
HUANUCO,CANCHABAMBA,14.0,0.0,14.0
HUANUCO,CASTILLO GRANDE,257.0,0.0,257.0
HUANUCO,CAYNA,2.0,0.0,2.0
HUANUCO,CHACABAMBA,10.0,0.0,10.0
HUANUCO,CHAGLLA,43.0,0.0,43.0
HUANUCO,CHAVIN DE PARIARCA,11.0,0.0,11.0
HUANUCO,CHAVINILLO,31.0,0.0,31.0
HUANUCO,CHINCHAO,88.0,0.0,88.0
HUANUCO,CHORAS,8.0,0.0,8.0
HUANUCO,CHUQUIS,8.0,0.0,8.0
HUANUCO,CHURUBAMBA,71.0,0.0,71.0
HUANUCO,COCHABAMBA,1.0,0.0,1.0
HUANUCO,CODO DEL POZUZO,142.0,0.0,142.0
HUANUCO,COLPAS,5.0,0.0,5.0
HUANUCO,CONCHAMARCA,43.0,0.0,43.0
HUANUCO,DANIEL ALOMIA ROBLES,64.0,0.0,64.0
HUANUCO,EN INVESTIGACIÓN,3264.0,55.0,3319.0
HUANUCO,HERMILIO VALDIZAN,37.0,0.0,37.0
HUANUCO,HONORIA,44.0,0.0,44.0
HUANUCO,HUACAR,37.0,1.0,38.0
HUANUCO,HUACAYBAMBA,40.0,0.0,40.0
HUANUCO,HUACRACHUCO,13.0,0.0,13.0
HUANUCO,HUANUCO,4273.0,169.0,4442.0
HUANUCO,JACAS CHICO,13.0,0.0,13.0
HUANUCO,JACAS GRANDE,15.0,0.0,15.0
HUANUCO,JESUS,16.0,0.0,16.0
HUANUCO,JIVIA,7.0,0.0,7.0
HUANUCO,JOSE CRESPO Y CASTILLO,520.0,0.0,520.0
HUANUCO,LA UNION,178.0,9.0,187.0
HUANUCO,LLATA,281.0,0.0,281.0
HUANUCO,LUYANDO,354.0,45.0,399.0
HUANUCO,MARGOS,18.0,0.0,18.0
HUANUCO,MARIANO DAMASO BERAUN,44.0,3.0,47.0
HUANUCO,MARIAS,8.0,0.0,8.0
HUANUCO,MIRAFLORES,11.0,0.0,11.0
HUANUCO,MOLINO,45.0,0.0,45.0
HUANUCO,MONZON,73.0,0.0,73.0
HUANUCO,OBAS,20.0,0.0,20.0
HUANUCO,PACHAS,20.0,0.0,20.0
HUANUCO,PAMPAMARCA,6.0,0.0,6.0
HUANUCO,PANAO,169.0,2.0,171.0
HUANUCO,PILLCO MARCA,1140.0,8.0,1148.0
HUANUCO,PINRA,5.0,0.0,5.0
HUANUCO,PUCAYACU,23.0,0.0,23.0
HUANUCO,PUEBLO NUEVO,8.0,0.0,8.0
HUANUCO,PUERTO INCA,354.0,2.0,356.0
HUANUCO,PUNCHAO,10.0,0.0,10.0
HUANUCO,PUÑOS,5.0,0.0,5.0
HUANUCO,QUEROPALCA,3.0,0.0,3.0
HUANUCO,QUIVILLA,6.0,0.0,6.0
HUANUCO,RIPAN,32.0,0.0,32.0
HUANUCO,RONDOS,4.0,0.0,4.0
HUANUCO,SAN FRANCISCO,5.0,0.0,5.0
HUANUCO,SAN FRANCISCO DE ASIS,6.0,0.0,6.0
HUANUCO,SAN FRANCISCO DE CAYRAN,24.0,0.0,24.0
HUANUCO,SAN MIGUEL DE CAURI,4.0,0.0,4.0
HUANUCO,SAN PABLO DE PILLAO,8.0,0.0,8.0
HUANUCO,SAN PEDRO DE CHAULAN,5.0,0.0,5.0
HUANUCO,SAN RAFAEL,30.0,0.0,30.0
HUANUCO,SANTA MARIA DEL VALLE,121.0,1.0,122.0
HUANUCO,SANTO DOMINGO DE ANDA,14.0,0.0,14.0
HUANUCO,SHUNQUI,5.0,0.0,5.0
HUANUCO,SILLAPATA,9.0,0.0,9.0
HUANUCO,SINGA,3.0,0.0,3.0
HUANUCO,TANTAMAYO,4.0,0.0,4.0
HUANUCO,TOURNAVISTA,38.0,0.0,38.0
HUANUCO,UMARI,35.0,1.0,36.0
HUANUCO,YACUS,7.0,0.0,7.0
HUANUCO,YANAS,4.0,0.0,4.0
HUANUCO,YARUMAYO,20.0,0.0,20.0
HUANUCO,YUYAPICHIS,34.0,0.0,34.0
ICA,ALTO LARAN,95.0,0.0,95.0
ICA,CHANGUILLO,39.0,0.0,39.0
ICA,CHAVIN,11.0,0.0,11.0
ICA,CHINCHA ALTA,2619.0,96.0,2715.0
ICA,CHINCHA BAJA,229.0,0.0,229.0
ICA,EL CARMEN,121.0,0.0,121.0
ICA,EL INGENIO,93.0,0.0,93.0
ICA,EN INVESTIGACIÓN,1864.0,0.0,1864.0
ICA,GROCIO PRADO,396.0,0.0,396.0
ICA,HUANCANO,13.0,0.0,13.0
ICA,HUMAY,48.0,1.0,49.0
ICA,ICA,7267.0,325.0,7592.0
ICA,INDEPENDENCIA,63.0,0.0,63.0
ICA,LA TINGUIÑA,86.0,0.0,86.0
ICA,LLIPATA,19.0,0.0,19.0
ICA,LOS AQUIJES,472.0,0.0,472.0
ICA,MARCONA,713.0,3.0,716.0
ICA,NAZCA,527.0,61.0,588.0
ICA,OCUCAJE,125.0,0.0,125.0
ICA,PACHACUTEC,360.0,0.0,360.0
ICA,PALPA,836.0,2.0,838.0
ICA,PARACAS,41.0,0.0,41.0
ICA,PARCONA,1263.0,0.0,1263.0
ICA,PISCO,3092.0,300.0,3392.0
ICA,PUEBLO NUEVO,1038.0,0.0,1038.0
ICA,RIO GRANDE,143.0,0.0,143.0
ICA,SALAS,470.0,0.0,470.0
ICA,SAN ANDRES,160.0,0.0,160.0
ICA,SAN CLEMENTE,337.0,1.0,338.0
ICA,SAN JOSE DE LOS MOLINOS,94.0,0.0,94.0
ICA,SAN JUAN BAUTISTA,289.0,0.0,289.0
ICA,SAN JUAN DE YANAC,8.0,0.0,8.0
ICA,SAN PEDRO DE HUACARPANA,6.0,0.0,6.0
ICA,SANTA CRUZ,15.0,0.0,15.0
ICA,SANTIAGO,492.0,0.0,492.0
ICA,SUBTANJALLA,605.0,0.0,605.0
ICA,SUNAMPE,481.0,0.0,481.0
ICA,TAMBO DE MORA,153.0,0.0,153.0
ICA,TATE,255.0,0.0,255.0
ICA,TIBILLO,4.0,0.0,4.0
ICA,TUPAC AMARU INCA,168.0,1.0,169.0
ICA,VISTA ALEGRE,670.0,24.0,694.0
ICA,YAUCA DEL ROSARIO,56.0,0.0,56.0
JUNIN,ACO,4.0,0.0,4.0
JUNIN,ACOBAMBA,40.0,1.0,41.0
JUNIN,ACOLLA,33.0,0.0,33.0
JUNIN,AHUAC,117.0,1.0,118.0
JUNIN,ANDAMARCA,1.0,0.0,1.0
JUNIN,APATA,12.0,0.0,12.0
JUNIN,ATAURA,11.0,0.0,11.0
JUNIN,CANCHAYLLO,9.0,0.0,9.0
JUNIN,CARHUACALLANGA,3.0,0.0,3.0
JUNIN,CARHUAMAYO,53.0,0.0,53.0
JUNIN,CHACAPALPA,1.0,0.0,1.0
JUNIN,CHACAPAMPA,6.0,0.0,6.0
JUNIN,CHAMBARA,2.0,0.0,2.0
JUNIN,CHANCHAMAYO,895.0,26.0,921.0
JUNIN,CHICCHE,7.0,0.0,7.0
JUNIN,CHILCA,1426.0,1.0,1427.0
JUNIN,CHONGOS ALTO,11.0,1.0,12.0
JUNIN,CHONGOS BAJO,27.0,1.0,28.0
JUNIN,CHUPACA,579.0,22.0,601.0
JUNIN,CHUPURO,22.0,0.0,22.0
JUNIN,COLCA,12.0,1.0,13.0
JUNIN,COMAS,337.0,0.0,337.0
JUNIN,CONCEPCION,179.0,2.0,181.0
JUNIN,COVIRIALI,47.0,0.0,47.0
JUNIN,CULLHUAS,5.0,0.0,5.0
JUNIN,CURICACA,5.0,0.0,5.0
JUNIN,EL MANTARO,10.0,0.0,10.0
JUNIN,EL TAMBO,3675.0,249.0,3924.0
JUNIN,EN INVESTIGACIÓN,206.0,0.0,206.0
JUNIN,HEROINAS TOLEDO,3.0,0.0,3.0
JUNIN,HUACHAC,21.0,0.0,21.0
JUNIN,HUACRAPUQUIO,2.0,0.0,2.0
JUNIN,HUALHUAS,46.0,0.0,46.0
JUNIN,HUAMALI,9.0,0.0,9.0
JUNIN,HUAMANCACA CHICO,186.0,0.0,186.0
JUNIN,HUANCAN,109.0,1.0,110.0
JUNIN,HUANCAYO,3603.0,121.0,3724.0
JUNIN,HUARICOLCA,9.0,0.0,9.0
JUNIN,HUARIPAMPA,6.0,0.0,6.0
JUNIN,HUASAHUASI,19.0,0.0,19.0
JUNIN,HUASICANCHA,4.0,0.0,4.0
JUNIN,HUAY HUAY,19.0,0.0,19.0
JUNIN,HUAYUCACHI,77.0,0.0,77.0
JUNIN,HUERTAS,6.0,0.0,6.0
JUNIN,INGENIO,12.0,0.0,12.0
JUNIN,JAUJA,248.0,12.0,260.0
JUNIN,JULCAN,2.0,0.0,2.0
JUNIN,JUNIN,294.0,0.0,294.0
JUNIN,LA OROYA,454.0,23.0,477.0
JUNIN,LA UNION,29.0,0.0,29.0
JUNIN,LLAYLLA,6.0,0.0,6.0
JUNIN,LLOCLLAPAMPA,13.0,0.0,13.0
JUNIN,MANZANARES,7.0,0.0,7.0
JUNIN,MARCAPOMACOCHA,3.0,0.0,3.0
JUNIN,MARCO,4.0,0.0,4.0
JUNIN,MARISCAL CASTILLA,1.0,0.0,1.0
JUNIN,MASMA,18.0,0.0,18.0
JUNIN,MASMA CHICCHE,1.0,0.0,1.0
JUNIN,MATAHUASI,16.0,0.0,16.0
JUNIN,MAZAMARI,147.0,0.0,147.0
JUNIN,MITO,8.0,0.0,8.0
JUNIN,MOLINOS,4.0,0.0,4.0
JUNIN,MONOBAMBA,14.0,0.0,14.0
JUNIN,MOROCOCHA,112.0,0.0,112.0
JUNIN,MUQUI,2.0,0.0,2.0
JUNIN,MUQUIYAUYO,8.0,0.0,8.0
JUNIN,NUEVE DE JULIO,5.0,0.0,5.0
JUNIN,ONDORES,15.0,1.0,16.0
JUNIN,ORCOTUNA,14.0,0.0,14.0
JUNIN,PACA,4.0,0.0,4.0
JUNIN,PACCHA,25.0,0.0,25.0
JUNIN,PALCA,30.0,0.0,30.0
JUNIN,PALCAMAYO,12.0,0.0,12.0
JUNIN,PAMPA HERMOSA,29.0,0.0,29.0
JUNIN,PANCAN,2.0,0.0,2.0
JUNIN,PANGOA,487.0,2.0,489.0
JUNIN,PARCO,4.0,0.0,4.0
JUNIN,PARIAHUANCA,5.0,0.0,5.0
JUNIN,PERENE,502.0,0.0,502.0
JUNIN,PICHANAQUI,563.0,66.0,629.0
JUNIN,PILCOMAYO,315.0,17.0,332.0
JUNIN,POMACANCHA,2.0,0.0,2.0
JUNIN,PUCARA,23.0,0.0,23.0
JUNIN,QUICHUAY,10.0,0.0,10.0
JUNIN,QUILCAS,44.0,0.0,44.0
JUNIN,RICRAN,1.0,0.0,1.0
JUNIN,RIO NEGRO,150.0,2.0,152.0
JUNIN,RIO TAMBO,118.0,0.0,118.0
JUNIN,SAN AGUSTIN,123.0,0.0,123.0
JUNIN,SAN JERONIMO DE TUNAN,82.0,0.0,82.0
JUNIN,SAN JOSE DE QUERO,10.0,1.0,11.0
JUNIN,SAN JUAN DE ISCOS,16.0,0.0,16.0
JUNIN,SAN JUAN DE JARPA,19.0,3.0,22.0
JUNIN,SAN LORENZO,10.0,0.0,10.0
JUNIN,SAN LUIS DE SHUARO,35.0,0.0,35.0
JUNIN,SAN PEDRO DE CAJAS,7.0,0.0,7.0
JUNIN,SAN PEDRO DE CHUNAN,2.0,0.0,2.0
JUNIN,SAN RAMON,281.0,0.0,281.0
JUNIN,SANTA BARBARA DE CARHUACAYAN,5.0,0.0,5.0
JUNIN,SANTA ROSA DE OCOPA,4.0,0.0,4.0
JUNIN,SANTA ROSA DE SACCO,260.0,27.0,287.0
JUNIN,SANTO DOMINGO DE ACOBAMBA,4.0,0.0,4.0
JUNIN,SAPALLANGA,171.0,0.0,171.0
JUNIN,SATIPO,690.0,10.0,700.0
JUNIN,SAUSA,14.0,0.0,14.0
JUNIN,SAÑO,4.0,0.0,4.0
JUNIN,SICAYA,103.0,0.0,103.0
JUNIN,SINCOS,3.0,0.0,3.0
JUNIN,SUITUCANCHA,2.0,0.0,2.0
JUNIN,TAPO,5.0,0.0,5.0
JUNIN,TARMA,734.0,12.0,746.0
JUNIN,TRES DE DICIEMBRE,32.0,0.0,32.0
JUNIN,TUNAN MARCA,3.0,0.0,3.0
JUNIN,ULCUMAYO,10.0,0.0,10.0
JUNIN,VIQUES,20.0,0.0,20.0
JUNIN,VITOC,6.0,0.0,6.0
JUNIN,YANACANCHA,48.0,0.0,48.0
JUNIN,YAULI,51.0,1.0,52.0
JUNIN,YAUYOS,85.0,0.0,85.0
LA LIBERTAD,AGALLPAMPA,54.0,0.0,54.0
LA LIBERTAD,ANGASMARCA,9.0,0.0,9.0
LA LIBERTAD,ASCOPE,166.0,1.0,167.0
LA LIBERTAD,BAMBAMARCA,1.0,0.0,1.0
LA LIBERTAD,BOLIVAR,5.0,0.0,5.0
LA LIBERTAD,BULDIBUYO,37.0,0.0,37.0
LA LIBERTAD,CACHICADAN,9.0,0.0,9.0
LA LIBERTAD,CALAMARCA,7.0,0.0,7.0
LA LIBERTAD,CARABAMBA,12.0,0.0,12.0
LA LIBERTAD,CASA GRANDE,567.0,0.0,567.0
LA LIBERTAD,CASCAS,274.0,0.0,274.0
LA LIBERTAD,CHAO,356.0,0.0,356.0
LA LIBERTAD,CHARAT,7.0,0.0,7.0
LA LIBERTAD,CHEPEN,1581.0,8.0,1589.0
LA LIBERTAD,CHICAMA,216.0,0.0,216.0
LA LIBERTAD,CHILLIA,8.0,0.0,8.0
LA LIBERTAD,CHOCOPE,310.0,0.0,310.0
LA LIBERTAD,CHUGAY,22.0,0.0,22.0
LA LIBERTAD,COCHORCO,3.0,0.0,3.0
LA LIBERTAD,CONDORMARCA,1.0,0.0,1.0
LA LIBERTAD,CURGOS,12.0,0.0,12.0
LA LIBERTAD,EL PORVENIR,2112.0,4.0,2116.0
LA LIBERTAD,EN INVESTIGACIÓN,381.0,0.0,381.0
LA LIBERTAD,FLORENCIA DE MORA,1566.0,6.0,1572.0
LA LIBERTAD,GUADALUPE,406.0,0.0,406.0
LA LIBERTAD,GUADALUPITO,117.0,0.0,117.0
LA LIBERTAD,HUAMACHUCO,558.0,8.0,566.0
LA LIBERTAD,HUANCASPATA,4.0,0.0,4.0
LA LIBERTAD,HUANCHACO,990.0,1.0,991.0
LA LIBERTAD,HUARANCHAL,2.0,0.0,2.0
LA LIBERTAD,HUASO,10.0,0.0,10.0
LA LIBERTAD,HUAYLILLAS,4.0,0.0,4.0
LA LIBERTAD,HUAYO,1.0,0.0,1.0
LA LIBERTAD,JEQUETEPEQUE,26.0,0.0,26.0
LA LIBERTAD,JULCAN,34.0,0.0,34.0
LA LIBERTAD,LA CUESTA,1.0,0.0,1.0
LA LIBERTAD,LA ESPERANZA,3465.0,70.0,3535.0
LA LIBERTAD,LAREDO,1242.0,5.0,1247.0
LA LIBERTAD,LUCMA,8.0,0.0,8.0
LA LIBERTAD,MACHE,24.0,0.0,24.0
LA LIBERTAD,MAGDALENA DE CAO,69.0,0.0,69.0
LA LIBERTAD,MARCABAL,8.0,0.0,8.0
LA LIBERTAD,MARMOT,1.0,0.0,1.0
LA LIBERTAD,MOCHE,591.0,0.0,591.0
LA LIBERTAD,MOLLEBAMBA,3.0,0.0,3.0
LA LIBERTAD,MOLLEPATA,3.0,0.0,3.0
LA LIBERTAD,ONGON,1.0,0.0,1.0
LA LIBERTAD,OTUZCO,212.0,9.0,221.0
LA LIBERTAD,PACANGA,152.0,0.0,152.0
LA LIBERTAD,PACASMAYO,389.0,1.0,390.0
LA LIBERTAD,PAIJAN,207.0,0.0,207.0
LA LIBERTAD,PARANDAY,1.0,0.0,1.0
LA LIBERTAD,PARCOY,268.0,0.0,268.0
LA LIBERTAD,PATAZ,42.0,0.0,42.0
LA LIBERTAD,PIAS,2.0,0.0,2.0
LA LIBERTAD,POROTO,104.0,0.0,104.0
LA LIBERTAD,PUEBLO NUEVO,166.0,0.0,166.0
LA LIBERTAD,QUIRUVILCA,155.0,0.0,155.0
LA LIBERTAD,RAZURI,68.0,0.0,68.0
LA LIBERTAD,SALAVERRY,467.0,10.0,477.0
LA LIBERTAD,SALPO,22.0,0.0,22.0
LA LIBERTAD,SAN JOSE,78.0,0.0,78.0
LA LIBERTAD,SAN PEDRO DE LLOC,133.0,0.0,133.0
LA LIBERTAD,SANAGORAN,12.0,0.0,12.0
LA LIBERTAD,SANTA CRUZ DE CHUCA,15.0,0.0,15.0
LA LIBERTAD,SANTIAGO DE CAO,287.0,0.0,287.0
LA LIBERTAD,SANTIAGO DE CHALLAS,1.0,0.0,1.0
LA LIBERTAD,SANTIAGO DE CHUCO,141.0,0.0,141.0
LA LIBERTAD,SARIN,16.0,0.0,16.0
LA LIBERTAD,SARTIMBAMBA,4.0,0.0,4.0
LA LIBERTAD,SAYAPULLO,69.0,0.0,69.0
LA LIBERTAD,SIMBAL,40.0,0.0,40.0
LA LIBERTAD,SINSICAP,13.0,0.0,13.0
LA LIBERTAD,SITABAMBA,1.0,0.0,1.0
LA LIBERTAD,TAURIJA,1.0,0.0,1.0
LA LIBERTAD,TAYABAMBA,137.0,0.0,137.0
LA LIBERTAD,TRUJILLO,7566.0,187.0,7753.0
LA LIBERTAD,UCHUMARCA,1.0,0.0,1.0
LA LIBERTAD,UCUNCHA,1.0,0.0,1.0
LA LIBERTAD,URPAY,4.0,0.0,4.0
LA LIBERTAD,USQUIL,31.0,0.0,31.0
LA LIBERTAD,VICTOR LARCO HERRERA,906.0,77.0,983.0
LA LIBERTAD,VIRU,558.0,2.0,560.0
LAMBAYEQUE,CAYALTI,214.0,0.0,214.0
LAMBAYEQUE,CAÑARIS,36.0,2.0,38.0
LAMBAYEQUE,CHICLAYO,8083.0,268.0,8351.0
LAMBAYEQUE,CHOCHOPE,13.0,0.0,13.0
LAMBAYEQUE,CHONGOYAPE,143.0,0.0,143.0
LAMBAYEQUE,EN INVESTIGACIÓN,1701.0,0.0,1701.0
LAMBAYEQUE,ETEN,227.0,1.0,228.0
LAMBAYEQUE,ETEN PUERTO,61.0,0.0,61.0
LAMBAYEQUE,FERREÑAFE,885.0,30.0,915.0
LAMBAYEQUE,ILLIMO,398.0,4.0,402.0
LAMBAYEQUE,INCAHUASI,4.0,0.0,4.0
LAMBAYEQUE,JAYANCA,408.0,0.0,408.0
LAMBAYEQUE,JOSE LEONARDO ORTIZ,2660.0,7.0,2667.0
LAMBAYEQUE,LA VICTORIA,1838.0,2.0,1840.0
LAMBAYEQUE,LAGUNAS,135.0,0.0,135.0
LAMBAYEQUE,LAMBAYEQUE,1705.0,13.0,1718.0
LAMBAYEQUE,MANUEL ANTONIO MESONES MURO,25.0,0.0,25.0
LAMBAYEQUE,MOCHUMI,314.0,0.0,314.0
LAMBAYEQUE,MONSEFU,657.0,1.0,658.0
LAMBAYEQUE,MORROPE,796.0,4.0,800.0
LAMBAYEQUE,MOTUPE,557.0,1.0,558.0
LAMBAYEQUE,NUEVA ARICA,23.0,0.0,23.0
LAMBAYEQUE,OLMOS,351.0,0.0,351.0
LAMBAYEQUE,OYOTUN,127.0,0.0,127.0
LAMBAYEQUE,PACORA,206.0,2.0,208.0
LAMBAYEQUE,PATAPO,408.0,2.0,410.0
LAMBAYEQUE,PICSI,219.0,0.0,219.0
LAMBAYEQUE,PIMENTEL,491.0,4.0,495.0
LAMBAYEQUE,PITIPO,93.0,5.0,98.0
LAMBAYEQUE,POMALCA,421.0,0.0,421.0
LAMBAYEQUE,PUCALA,134.0,0.0,134.0
LAMBAYEQUE,PUEBLO NUEVO,276.0,3.0,279.0
LAMBAYEQUE,REQUE,272.0,3.0,275.0
LAMBAYEQUE,SALAS,139.0,0.0,139.0
LAMBAYEQUE,SAN JOSE,234.0,0.0,234.0
LAMBAYEQUE,SANTA ROSA,304.0,1.0,305.0
LAMBAYEQUE,SAÑA,37.0,1.0,38.0
LAMBAYEQUE,TUCUME,311.0,0.0,311.0
LAMBAYEQUE,TUMAN,288.0,0.0,288.0
LIMA,ALIS,4.0,0.0,4.0
LIMA,AMBAR,3.0,0.0,3.0
LIMA,ANCON,1348.0,166.0,1514.0
LIMA,ANTIOQUIA,5.0,0.0,5.0
LIMA,ARAHUAY,21.0,0.0,21.0
LIMA,ASIA,53.0,4.0,57.0
LIMA,ATAVILLOS ALTO,5.0,0.0,5.0
LIMA,ATAVILLOS BAJO,6.0,0.0,6.0
LIMA,ATE,15210.0,1398.0,16608.0
LIMA,AUCALLAMA,561.0,2.0,563.0
LIMA,AYAVIRI,1.0,0.0,1.0
LIMA,AZANGARO,1.0,0.0,1.0
LIMA,BARRANCA,1968.0,58.0,2026.0
LIMA,BARRANCO,1296.0,34.0,1330.0
LIMA,BREÑA,4058.0,143.0,4201.0
LIMA,CACRA,4.0,0.0,4.0
LIMA,CAJATAMBO,14.0,0.0,14.0
LIMA,CALANGO,1.0,0.0,1.0
LIMA,CALETA DE CARQUIN,94.0,0.0,94.0
LIMA,CALLAHUANCA,3.0,0.0,3.0
LIMA,CANTA,117.0,0.0,117.0
LIMA,CARABAYLLO,6898.0,939.0,7837.0
LIMA,CARAMPOMA,5.0,0.0,5.0
LIMA,CARANIA,1.0,0.0,1.0
LIMA,CATAHUASI,46.0,0.0,46.0
LIMA,CAUJUL,1.0,0.0,1.0
LIMA,CERRO AZUL,123.0,18.0,141.0
LIMA,CHACLACAYO,1594.0,112.0,1706.0
LIMA,CHANCAY,1657.0,32.0,1689.0
LIMA,CHECRAS,1.0,0.0,1.0
LIMA,CHICLA,44.0,0.0,44.0
LIMA,CHILCA,177.0,11.0,188.0
LIMA,CHOCOS,12.0,0.0,12.0
LIMA,CHORRILLOS,9456.0,160.0,9616.0
LIMA,CIENEGUILLA,455.0,28.0,483.0
LIMA,COAYLLO,13.0,0.0,13.0
LIMA,COCHAS,1.0,0.0,1.0
LIMA,COLONIA,2.0,0.0,2.0
LIMA,COMAS,15793.0,2229.0,18022.0
LIMA,COPA,7.0,0.0,7.0
LIMA,EL AGUSTINO,10419.0,705.0,11124.0
LIMA,EN INVESTIGACIÓN,23985.0,4141.0,28126.0
LIMA,GORGOR,4.0,0.0,4.0
LIMA,HONGOS,3.0,0.0,3.0
LIMA,HUACHO,3542.0,451.0,3993.0
LIMA,HUACHUPAMPA,1.0,0.0,1.0
LIMA,HUALMAY,497.0,15.0,512.0
LIMA,HUAMANTANGA,2.0,0.0,2.0
LIMA,HUAMPARA,1.0,0.0,1.0
LIMA,HUANCAPON,3.0,0.0,3.0
LIMA,HUANCAYA,2.0,0.0,2.0
LIMA,HUANGASCAR,1.0,0.0,1.0
LIMA,HUANTAN,2.0,0.0,2.0
LIMA,HUANZA,4.0,0.0,4.0
LIMA,HUARAL,3281.0,123.0,3404.0
LIMA,HUAROCHIRI,46.0,0.0,46.0
LIMA,HUAROS,5.0,0.0,5.0
LIMA,HUAURA,543.0,11.0,554.0
LIMA,IHUARI,9.0,0.0,9.0
LIMA,IMPERIAL,605.0,20.0,625.0
LIMA,INDEPENDENCIA,7390.0,1056.0,8446.0
LIMA,JESUS MARIA,13280.0,263.0,13543.0
LIMA,LA MOLINA,3454.0,368.0,3822.0
LIMA,LA VICTORIA,9896.0,497.0,10393.0
LIMA,LACHAQUI,31.0,0.0,31.0
LIMA,LAHUAYTAMBO,1.0,0.0,1.0
LIMA,LANGA,4.0,0.0,4.0
LIMA,LEONCIO PRADO,4.0,0.0,4.0
LIMA,LIMA,27154.0,549.0,27703.0
LIMA,LINCE,2780.0,123.0,2903.0
LIMA,LINCHA,2.0,0.0,2.0
LIMA,LOS OLIVOS,10150.0,1008.0,11158.0
LIMA,LUNAHUANA,39.0,3.0,42.0
LIMA,LURIGANCHO,4580.0,311.0,4891.0
LIMA,LURIN,2162.0,21.0,2183.0
LIMA,MADEAN,2.0,0.0,2.0
LIMA,MAGDALENA DEL MAR,1980.0,157.0,2137.0
LIMA,MALA,304.0,22.0,326.0
LIMA,MARIATANA,2.0,0.0,2.0
LIMA,MATUCANA,178.0,2.0,180.0
LIMA,MIRAFLORES,3867.0,189.0,4056.0
LIMA,NAVAN,15.0,0.0,15.0
LIMA,NUEVO IMPERIAL,209.0,11.0,220.0
LIMA,OMAS,5.0,0.0,5.0
LIMA,OYON,64.0,0.0,64.0
LIMA,PACARAN,3.0,2.0,5.0
LIMA,PACARAOS,2.0,0.0,2.0
LIMA,PACCHO,3.0,0.0,3.0
LIMA,PACHACAMAC,1625.0,12.0,1637.0
LIMA,PACHANGARA,7.0,0.0,7.0
LIMA,PARAMONGA,664.0,1.0,665.0
LIMA,PATIVILCA,303.0,2.0,305.0
LIMA,PUCUSANA,535.0,1.0,536.0
LIMA,PUEBLO LIBRE,2442.0,209.0,2651.0
LIMA,PUENTE PIEDRA,8154.0,561.0,8715.0
LIMA,PUNTA HERMOSA,178.0,8.0,186.0
LIMA,PUNTA NEGRA,171.0,0.0,171.0
LIMA,PUTINZA,5.0,0.0,5.0
LIMA,QUILMANA,222.0,36.0,258.0
LIMA,QUINCHES,2.0,0.0,2.0
LIMA,QUINOCAY,7.0,0.0,7.0
LIMA,RICARDO PALMA,223.0,11.0,234.0
LIMA,RIMAC,7565.0,1056.0,8621.0
LIMA,SAN ANDRES DE TUPICOCHA,1.0,0.0,1.0
LIMA,SAN ANTONIO,297.0,6.0,303.0
LIMA,SAN BARTOLO,185.0,8.0,193.0
LIMA,SAN BARTOLOME,12.0,0.0,12.0
LIMA,SAN BORJA,3610.0,308.0,3918.0
LIMA,SAN BUENAVENTURA,31.0,0.0,31.0
LIMA,SAN ISIDRO,2288.0,165.0,2453.0
LIMA,SAN JUAN DE IRIS,3.0,0.0,3.0
LIMA,SAN JUAN DE LURIGANCHO,28804.0,1562.0,30366.0
LIMA,SAN JUAN DE MIRAFLORES,11971.0,646.0,12617.0
LIMA,SAN LORENZO DE QUINTI,4.0,0.0,4.0
LIMA,SAN LUIS,2431.0,160.0,2591.0
LIMA,SAN MARTIN DE PORRES,19082.0,1681.0,20763.0
LIMA,SAN MATEO,103.0,0.0,103.0
LIMA,SAN MATEO DE OTAO,14.0,0.0,14.0
LIMA,SAN MIGUEL,4690.0,361.0,5051.0
LIMA,SAN MIGUEL DE ACOS,5.0,1.0,6.0
LIMA,SAN PEDRO DE HUANCAYRE,1.0,0.0,1.0
LIMA,SAN PEDRO DE PILAS,1.0,0.0,1.0
LIMA,SAN VICENTE DE CAÑETE,906.0,105.0,1011.0
LIMA,SANGALLAYA,8.0,0.0,8.0
LIMA,SANTA ANITA,7508.0,551.0,8059.0
LIMA,SANTA CRUZ DE ANDAMARCA,2.0,0.0,2.0
LIMA,SANTA CRUZ DE COCACHACRA,26.0,0.0,26.0
LIMA,SANTA CRUZ DE FLORES,1.0,0.0,1.0
LIMA,SANTA EULALIA,285.0,3.0,288.0
LIMA,SANTA LEONOR,1.0,0.0,1.0
LIMA,SANTA MARIA,514.0,12.0,526.0
LIMA,SANTA MARIA DEL MAR,75.0,1.0,76.0
LIMA,SANTA ROSA,366.0,35.0,401.0
LIMA,SANTA ROSA DE QUIVES,122.0,7.0,129.0
LIMA,SANTIAGO DE ANCHUCAYA,1.0,0.0,1.0
LIMA,SANTIAGO DE SURCO,8819.0,694.0,9513.0
LIMA,SANTIAGO DE TUNA,1.0,0.0,1.0
LIMA,SANTO DOMINGO DE LOS OLLEROS,27.0,0.0,27.0
LIMA,SAYAN,325.0,16.0,341.0
LIMA,SUMBILCA,1.0,0.0,1.0
LIMA,SUPE,525.0,8.0,533.0
LIMA,SUPE PUERTO,292.0,0.0,292.0
LIMA,SURCO,95.0,0.0,95.0
LIMA,SURQUILLO,3826.0,125.0,3951.0
LIMA,TANTA,4.0,0.0,4.0
LIMA,TAURIPAMPA,2.0,0.0,2.0
LIMA,TOMAS,1.0,1.0,2.0
LIMA,TUPE,3.0,0.0,3.0
LIMA,VEGUETA,304.0,3.0,307.0
LIMA,VEINTISIETE DE NOVIEMBRE,2.0,0.0,2.0
LIMA,VILLA EL SALVADOR,13785.0,617.0,14402.0
LIMA,VILLA MARIA DEL TRIUNFO,11069.0,631.0,11700.0
LIMA,VITIS,1.0,0.0,1.0
LIMA,VIÑAC,2.0,0.0,2.0
LIMA,YAUYOS,40.0,2.0,42.0
LORETO,ALTO NANAY,11.0,0.0,11.0
LORETO,ALTO TAPICHE,4.0,0.0,4.0
LORETO,ANDOAS,456.0,0.0,456.0
LORETO,BALSAPUERTO,91.0,1.0,92.0
LORETO,BARRANCA,772.0,2.0,774.0
LORETO,BELEN,680.0,6.0,686.0
LORETO,CAHUAPANAS,96.0,0.0,96.0
LORETO,CAPELO,3.0,0.0,3.0
LORETO,CONTAMANA,177.0,0.0,177.0
LORETO,EMILIO SAN MARTIN,22.0,0.0,22.0
LORETO,EN INVESTIGACIÓN,95.0,0.0,95.0
LORETO,FERNANDO LORES,113.0,0.0,113.0
LORETO,INAHUAYA,3.0,0.0,3.0
LORETO,INDIANA,264.0,4.0,268.0
LORETO,IQUITOS,4095.0,24.0,4119.0
LORETO,JEBEROS,51.0,0.0,51.0
LORETO,JENARO HERRERA,47.0,0.0,47.0
LORETO,LAGUNAS,95.0,0.0,95.0
LORETO,LAS AMAZONAS,69.0,0.0,69.0
LORETO,MANSERICHE,262.0,0.0,262.0
LORETO,MAQUIA,115.0,0.0,115.0
LORETO,MAZAN,678.0,0.0,678.0
LORETO,MORONA,216.0,0.0,216.0
LORETO,NAPO,549.0,0.0,549.0
LORETO,NAUTA,1070.0,6.0,1076.0
LORETO,PADRE MARQUEZ,6.0,0.0,6.0
LORETO,PAMPA HERMOSA,2.0,0.0,2.0
LORETO,PARINARI,94.0,0.0,94.0
LORETO,PASTAZA,139.0,0.0,139.0
LORETO,PEBAS,72.0,0.0,72.0
LORETO,PUINAHUA,183.0,0.0,183.0
LORETO,PUNCHANA,2096.0,34.0,2130.0
LORETO,PUTUMAYO,397.0,1.0,398.0
LORETO,RAMON CASTILLA,504.0,0.0,504.0
LORETO,REQUENA,227.0,0.0,227.0
LORETO,ROSA PANDURO,6.0,0.0,6.0
LORETO,SAN JUAN BAUTISTA,1427.0,6.0,1433.0
LORETO,SAN PABLO,160.0,0.0,160.0
LORETO,SANTA CRUZ,33.0,0.0,33.0
LORETO,SAQUENA,10.0,0.0,10.0
LORETO,SARAYACU,12.0,0.0,12.0
LORETO,TAPICHE,6.0,0.0,6.0
LORETO,TENIENTE CESAR LOPEZ ROJAS,12.0,1.0,13.0
LORETO,TENIENTE MANUEL CLAVERO,31.0,0.0,31.0
LORETO,TIGRE,208.0,0.0,208.0
LORETO,TORRES CAUSANA,107.0,0.0,107.0
LORETO,TROMPETEROS,395.0,0.0,395.0
LORETO,URARINAS,101.0,0.0,101.0
LORETO,VARGAS GUERRA,7.0,0.0,7.0
LORETO,YAGUAS,3.0,0.0,3.0
LORETO,YAQUERANA,134.0,0.0,134.0
LORETO,YAVARI,56.0,0.0,56.0
LORETO,YURIMAGUAS,1690.0,25.0,1715.0
MADRE DE DIOS,EN INVESTIGACIÓN,116.0,0.0,116.0
MADRE DE DIOS,FITZCARRALD,5.0,0.0,5.0
MADRE DE DIOS,HUEPETUHE,224.0,4.0,228.0
MADRE DE DIOS,IBERIA,571.0,1.0,572.0
MADRE DE DIOS,INAMBARI,476.0,0.0,476.0
MADRE DE DIOS,IÑAPARI,15.0,0.0,15.0
MADRE DE DIOS,LABERINTO,125.0,1.0,126.0
MADRE DE DIOS,LAS PIEDRAS,289.0,2.0,291.0
MADRE DE DIOS,MADRE DE DIOS,228.0,0.0,228.0
MADRE DE DIOS,MANU,54.0,0.0,54.0
MADRE DE DIOS,TAHUAMANU,83.0,0.0,83.0
MADRE DE DIOS,TAMBOPATA,5622.0,62.0,5684.0
MOQUEGUA,CARUMAS,99.0,0.0,99.0
MOQUEGUA,CHOJATA,26.0,0.0,26.0
MOQUEGUA,COALAQUE,12.0,0.0,12.0
MOQUEGUA,CUCHUMBAYA,40.0,0.0,40.0
MOQUEGUA,EL ALGARROBAL,38.0,0.0,38.0
MOQUEGUA,EN INVESTIGACIÓN,283.0,0.0,283.0
MOQUEGUA,ICHUÑA,13.0,0.0,13.0
MOQUEGUA,ILO,3243.0,10.0,3253.0
MOQUEGUA,LA CAPILLA,6.0,0.0,6.0
MOQUEGUA,LLOQUE,10.0,0.0,10.0
MOQUEGUA,MATALAQUE,2.0,0.0,2.0
MOQUEGUA,MOQUEGUA,7609.0,35.0,7644.0
MOQUEGUA,OMATE,202.0,0.0,202.0
MOQUEGUA,PACOCHA,72.0,0.0,72.0
MOQUEGUA,PUQUINA,44.0,0.0,44.0
MOQUEGUA,QUINISTAQUILLAS,6.0,0.0,6.0
MOQUEGUA,SAMEGUA,781.0,2.0,783.0
MOQUEGUA,SAN CRISTOBAL,109.0,0.0,109.0
MOQUEGUA,TORATA,261.0,0.0,261.0
MOQUEGUA,UBINAS,25.0,0.0,25.0
MOQUEGUA,YUNGA,44.0,0.0,44.0
PASCO,CHACAYAN,9.0,0.0,9.0
PASCO,CHAUPIMARCA,987.0,0.0,987.0
PASCO,CHONTABAMBA,39.0,0.0,39.0
PASCO,CONSTITUCION,124.0,1.0,125.0
PASCO,EN INVESTIGACIÓN,272.0,0.0,272.0
PASCO,GOYLLARISQUIZGA,10.0,0.0,10.0
PASCO,HUACHON,7.0,0.0,7.0
PASCO,HUANCABAMBA,19.0,0.0,19.0
PASCO,HUARIACA,257.0,1.0,258.0
PASCO,HUAYLLAY,303.0,0.0,303.0
PASCO,NINACACA,26.0,0.0,26.0
PASCO,OXAPAMPA,220.0,3.0,223.0
PASCO,PALCAZU,113.0,0.0,113.0
PASCO,PALLANCHACRA,16.0,0.0,16.0
PASCO,PAUCAR,8.0,0.0,8.0
PASCO,PAUCARTAMBO,162.0,1.0,163.0
PASCO,POZUZO,4.0,0.0,4.0
PASCO,PUERTO BERMUDEZ,137.0,0.0,137.0
PASCO,SAN FCO DE ASIS DE YARUSYACAN,9.0,0.0,9.0
PASCO,SAN PEDRO DE PILLAO,10.0,0.0,10.0
PASCO,SANTA ANA DE TUSI,16.0,0.0,16.0
PASCO,SIMON BOLIVAR,347.0,45.0,392.0
PASCO,TAPUC,24.0,0.0,24.0
PASCO,TICLACAYAN,63.0,0.0,63.0
PASCO,TINYAHUARCO,156.0,0.0,156.0
PASCO,VICCO,86.0,0.0,86.0
PASCO,VILCABAMBA,6.0,0.0,6.0
PASCO,VILLA RICA,347.0,4.0,351.0
PASCO,YANACANCHA,820.0,10.0,830.0
PASCO,YANAHUANCA,283.0,2.0,285.0
PIURA,AMOTAPE,67.0,0.0,67.0
PIURA,ARENAL,28.0,0.0,28.0
PIURA,AYABACA,269.0,0.0,269.0
PIURA,BELLAVISTA,1017.0,2.0,1019.0
PIURA,BELLAVISTA DE LA UNION,84.0,0.0,84.0
PIURA,BERNAL,94.0,0.0,94.0
PIURA,BUENOS AIRES,21.0,0.0,21.0
PIURA,CANCHAQUE,39.0,0.0,39.0
PIURA,CASTILLA,4164.0,29.0,4193.0
PIURA,CATACAOS,1775.0,1.0,1776.0
PIURA,CHALACO,48.0,0.0,48.0
PIURA,CHULUCANAS,929.0,6.0,935.0
PIURA,COLAN,436.0,2.0,438.0
PIURA,CRISTO NOS VALGA,13.0,0.0,13.0
PIURA,CURA MORI,59.0,1.0,60.0
PIURA,EL ALTO,118.0,1.0,119.0
PIURA,EL CARMEN DE LA FRONTERA,2.0,0.0,2.0
PIURA,EL TALLAN,16.0,0.0,16.0
PIURA,EN INVESTIGACIÓN,2410.0,0.0,2410.0
PIURA,FRIAS,33.0,0.0,33.0
PIURA,HUANCABAMBA,238.0,0.0,238.0
PIURA,HUARMACA,18.0,0.0,18.0
PIURA,IGNACIO ESCUDERO,387.0,2.0,389.0
PIURA,JILILI,24.0,0.0,24.0
PIURA,LA ARENA,306.0,0.0,306.0
PIURA,LA BREA,217.0,0.0,217.0
PIURA,LA HUACA,273.0,0.0,273.0
PIURA,LA MATANZA,18.0,0.0,18.0
PIURA,LA UNION,657.0,0.0,657.0
PIURA,LAGUNAS,4.0,0.0,4.0
PIURA,LALAQUIZ,11.0,0.0,11.0
PIURA,LANCONES,60.0,0.0,60.0
PIURA,LAS LOMAS,224.0,3.0,227.0
PIURA,LOBITOS,58.0,0.0,58.0
PIURA,LOS ORGANOS,172.0,1.0,173.0
PIURA,MANCORA,106.0,2.0,108.0
PIURA,MARCAVELICA,505.0,1.0,506.0
PIURA,MIGUEL CHECA,236.0,3.0,239.0
PIURA,MONTERO,32.0,0.0,32.0
PIURA,MORROPON,196.0,0.0,196.0
PIURA,PACAIPAMPA,135.0,0.0,135.0
PIURA,PAIMAS,120.0,0.0,120.0
PIURA,PAITA,1839.0,3.0,1842.0
PIURA,PARIÑAS,1155.0,0.0,1155.0
PIURA,PIURA,5830.0,14.0,5844.0
PIURA,QUERECOTILLO,280.0,0.0,280.0
PIURA,SALITRAL,192.0,0.0,192.0
PIURA,SAN JUAN DE BIGOTE,29.0,0.0,29.0
PIURA,SAN MIGUEL DE EL FAIQUE,30.0,0.0,30.0
PIURA,SANTA CATALINA DE MOSSA,5.0,0.0,5.0
PIURA,SANTO DOMINGO,10.0,0.0,10.0
PIURA,SAPILLICA,76.0,0.0,76.0
PIURA,SECHURA,408.0,0.0,408.0
PIURA,SICCHEZ,1.0,0.0,1.0
PIURA,SONDOR,6.0,0.0,6.0
PIURA,SULLANA,5131.0,37.0,5168.0
PIURA,SUYO,107.0,1.0,108.0
PIURA,TAMARINDO,58.0,0.0,58.0
PIURA,TAMBO GRANDE,774.0,1.0,775.0
PIURA,VEINTISEIS DE OCTUBRE,2485.0,29.0,2514.0
PIURA,VICE,90.0,0.0,90.0
PIURA,VICHAYAL,122.0,0.0,122.0
PIURA,YAMANGO,11.0,0.0,11.0
PUNO,ACHAYA,10.0,0.0,10.0
PUNO,ACORA,113.0,0.0,113.0
PUNO,AJOYANI,10.0,0.0,10.0
PUNO,ALTO INAMBARI,19.0,0.0,19.0
PUNO,AMANTANI,2.0,0.0,2.0
PUNO,ANANEA,116.0,0.0,116.0
PUNO,ANAPIA,3.0,0.0,3.0
PUNO,ANTAUTA,47.0,0.0,47.0
PUNO,ARAPA,15.0,0.0,15.0
PUNO,ASILLO,48.0,0.0,48.0
PUNO,ATUNCOLLA,25.0,0.0,25.0
PUNO,AYAPATA,16.0,0.0,16.0
PUNO,AYAVIRI,374.0,2.0,376.0
PUNO,AZANGARO,348.0,4.0,352.0
PUNO,CABANA,27.0,0.0,27.0
PUNO,CABANILLA,33.0,0.0,33.0
PUNO,CABANILLAS,64.0,0.0,64.0
PUNO,CALAPUJA,8.0,0.0,8.0
PUNO,CAMINACA,9.0,0.0,9.0
PUNO,CAPACHICA,13.0,0.0,13.0
PUNO,CARACOTO,69.0,0.0,69.0
PUNO,CHUCUITO,27.0,0.0,27.0
PUNO,CHUPA,14.0,0.0,14.0
PUNO,COASA,10.0,0.0,10.0
PUNO,COATA,13.0,0.0,13.0
PUNO,COJATA,21.0,0.0,21.0
PUNO,CONIMA,9.0,0.0,9.0
PUNO,COPANI,4.0,0.0,4.0
PUNO,CORANI,5.0,0.0,5.0
PUNO,CRUCERO,16.0,0.0,16.0
PUNO,CUPI,5.0,0.0,5.0
PUNO,CUTURAPI,6.0,0.0,6.0
PUNO,CUYOCUYO,14.0,0.0,14.0
PUNO,DESAGUADERO,129.0,0.0,129.0
PUNO,EN INVESTIGACIÓN,483.0,0.0,483.0
PUNO,HUACULLANI,12.0,0.0,12.0
PUNO,HUANCANE,233.0,1.0,234.0
PUNO,HUATA,6.0,0.0,6.0
PUNO,HUATASANI,9.0,0.0,9.0
PUNO,HUAYRAPATA,4.0,0.0,4.0
PUNO,ILAVE,311.0,2.0,313.0
PUNO,INCHUPALLA,4.0,0.0,4.0
PUNO,ITUATA,10.0,0.0,10.0
PUNO,JOSE DOMINGO CHOQUEHUANCA,14.0,0.0,14.0
PUNO,JULI,180.0,2.0,182.0
PUNO,JULIACA,4694.0,10.0,4704.0
PUNO,KELLUYO,6.0,0.0,6.0
PUNO,LAMPA,179.0,1.0,180.0
PUNO,LIMBANI,6.0,0.0,6.0
PUNO,LLALLI,11.0,0.0,11.0
PUNO,MACARI,7.0,0.0,7.0
PUNO,MACUSANI,209.0,0.0,209.0
PUNO,MAÑAZO,9.0,1.0,10.0
PUNO,MOHO,26.0,0.0,26.0
PUNO,NICASIO,10.0,0.0,10.0
PUNO,OCUVIRI,12.0,0.0,12.0
PUNO,OLLACHEA,11.0,0.0,11.0
PUNO,ORURILLO,19.0,0.0,19.0
PUNO,PALCA,6.0,1.0,7.0
PUNO,PARATIA,12.0,0.0,12.0
PUNO,PATAMBUCO,2.0,0.0,2.0
PUNO,PAUCARCOLLA,12.0,0.0,12.0
PUNO,PEDRO VILCA APAZA,1.0,0.0,1.0
PUNO,PHARA,9.0,0.0,9.0
PUNO,PICHACANI,26.0,0.0,26.0
PUNO,PILCUYO,19.0,0.0,19.0
PUNO,PISACOMA,20.0,0.0,20.0
PUNO,PLATERIA,14.0,0.0,14.0
PUNO,POMATA,55.0,2.0,57.0
PUNO,POTONI,3.0,0.0,3.0
PUNO,PUCARA,11.0,0.0,11.0
PUNO,PUNO,4185.0,26.0,4211.0
PUNO,PUSI,12.0,0.0,12.0
PUNO,PUTINA,51.0,0.0,51.0
PUNO,QUIACA,2.0,0.0,2.0
PUNO,QUILCAPUNCU,6.0,0.0,6.0
PUNO,ROSASPATA,6.0,0.0,6.0
PUNO,SAMAN,99.0,0.0,99.0
PUNO,SAN ANTON,21.0,0.0,21.0
PUNO,SAN ANTONIO,8.0,0.0,8.0
PUNO,SAN GABAN,30.0,0.0,30.0
PUNO,SAN JOSE,6.0,0.0,6.0
PUNO,SAN JUAN DE SALINAS,6.0,0.0,6.0
PUNO,SAN JUAN DEL ORO,18.0,0.0,18.0
PUNO,SAN MIGUEL,156.0,0.0,156.0
PUNO,SAN PEDRO DE PUTINA PUNCU,37.0,0.0,37.0
PUNO,SANDIA,128.0,0.0,128.0
PUNO,SANTA LUCIA,59.0,0.0,59.0
PUNO,SANTA ROSA,22.0,0.0,22.0
PUNO,SANTIAGO DE PUPUJA,11.0,0.0,11.0
PUNO,TARACO,39.0,0.0,39.0
PUNO,TILALI,7.0,0.0,7.0
PUNO,TIQUILLACA,25.0,0.0,25.0
PUNO,TIRAPATA,3.0,0.0,3.0
PUNO,UMACHIRI,9.0,0.0,9.0
PUNO,UNICACHI,1.0,0.0,1.0
PUNO,USICAYOS,3.0,0.0,3.0
PUNO,VILAVILA,3.0,0.0,3.0
PUNO,VILQUE,15.0,1.0,16.0
PUNO,VILQUE CHICO,42.0,0.0,42.0
PUNO,YANAHUAYA,6.0,0.0,6.0
PUNO,YUNGUYO,170.0,0.0,170.0
PUNO,ZEPITA,55.0,0.0,55.0
SAN MARTIN,AGUA BLANCA,58.0,0.0,58.0
SAN MARTIN,ALBERTO LEVEAU,42.0,0.0,42.0
SAN MARTIN,ALONSO DE ALVARADO,19.0,0.0,19.0
SAN MARTIN,ALTO BIAVO,61.0,0.0,61.0
SAN MARTIN,ALTO SAPOSOA,19.0,0.0,19.0
SAN MARTIN,AWAJUN,168.0,0.0,168.0
SAN MARTIN,BAJO BIAVO,45.0,0.0,45.0
SAN MARTIN,BARRANQUITA,45.0,0.0,45.0
SAN MARTIN,BELLAVISTA,649.0,3.0,652.0
SAN MARTIN,BUENOS AIRES,8.0,0.0,8.0
SAN MARTIN,CACATACHI,19.0,0.0,19.0
SAN MARTIN,CALZADA,40.0,0.0,40.0
SAN MARTIN,CAMPANILLA,54.0,0.0,54.0
SAN MARTIN,CAYNARACHI,151.0,3.0,154.0
SAN MARTIN,CHAZUTA,181.0,0.0,181.0
SAN MARTIN,CHIPURANA,63.0,0.0,63.0
SAN MARTIN,CUÑUMBUQUI,2.0,0.0,2.0
SAN MARTIN,EL ESLABON,29.0,0.0,29.0
SAN MARTIN,EL PORVENIR,43.0,0.0,43.0
SAN MARTIN,ELIAS SOPLIN VARGAS,105.0,0.0,105.0
SAN MARTIN,EN INVESTIGACIÓN,270.0,0.0,270.0
SAN MARTIN,HABANA,5.0,0.0,5.0
SAN MARTIN,HUALLAGA,22.0,0.0,22.0
SAN MARTIN,HUICUNGO,70.0,0.0,70.0
SAN MARTIN,HUIMBAYOC,71.0,0.0,71.0
SAN MARTIN,JEPELACIO,64.0,0.0,64.0
SAN MARTIN,JUAN GUERRA,61.0,0.0,61.0
SAN MARTIN,JUANJUI,1136.0,11.0,1147.0
SAN MARTIN,LA BANDA DE SHILCAYO,847.0,0.0,847.0
SAN MARTIN,LAMAS,480.0,2.0,482.0
SAN MARTIN,MORALES,919.0,8.0,927.0
SAN MARTIN,MOYOBAMBA,2368.0,27.0,2395.0
SAN MARTIN,NUEVA CAJAMARCA,224.0,0.0,224.0
SAN MARTIN,NUEVO PROGRESO,42.0,0.0,42.0
SAN MARTIN,PACHIZA,19.0,0.0,19.0
SAN MARTIN,PAJARILLO,18.0,0.0,18.0
SAN MARTIN,PAPAPLAYA,55.0,0.0,55.0
SAN MARTIN,PARDO MIGUEL,280.0,1.0,281.0
SAN MARTIN,PICOTA,160.0,0.0,160.0
SAN MARTIN,PILLUANA,11.0,0.0,11.0
SAN MARTIN,PINTO RECODO,32.0,0.0,32.0
SAN MARTIN,PISCOYACU,19.0,0.0,19.0
SAN MARTIN,POLVORA,80.0,0.0,80.0
SAN MARTIN,POSIC,4.0,0.0,4.0
SAN MARTIN,PUCACACA,18.0,0.0,18.0
SAN MARTIN,RIOJA,676.0,4.0,680.0
SAN MARTIN,RUMISAPA,128.0,0.0,128.0
SAN MARTIN,SACANCHE,22.0,0.0,22.0
SAN MARTIN,SAN ANTONIO,19.0,0.0,19.0
SAN MARTIN,SAN CRISTOBAL,7.0,0.0,7.0
SAN MARTIN,SAN FERNANDO,31.0,0.0,31.0
SAN MARTIN,SAN HILARION,180.0,0.0,180.0
SAN MARTIN,SAN JOSE DE SISA,535.0,1.0,536.0
SAN MARTIN,SAN MARTIN,221.0,0.0,221.0
SAN MARTIN,SAN PABLO,58.0,0.0,58.0
SAN MARTIN,SAN RAFAEL,46.0,0.0,46.0
SAN MARTIN,SAN ROQUE DE CUMBAZA,41.0,0.0,41.0
SAN MARTIN,SANTA ROSA,112.0,0.0,112.0
SAN MARTIN,SAPOSOA,368.0,0.0,368.0
SAN MARTIN,SAUCE,108.0,0.0,108.0
SAN MARTIN,SHAMBOYACU,41.0,0.0,41.0
SAN MARTIN,SHANAO,43.0,0.0,43.0
SAN MARTIN,SHAPAJA,51.0,0.0,51.0
SAN MARTIN,SHATOJA,38.0,0.0,38.0
SAN MARTIN,SHUNTE,18.0,0.0,18.0
SAN MARTIN,SORITOR,62.0,0.0,62.0
SAN MARTIN,TABALOSOS,110.0,1.0,111.0
SAN MARTIN,TARAPOTO,3437.0,38.0,3475.0
SAN MARTIN,TINGO DE PONASA,50.0,0.0,50.0
SAN MARTIN,TINGO DE SAPOSOA,24.0,0.0,24.0
SAN MARTIN,TOCACHE,727.0,1.0,728.0
SAN MARTIN,TRES UNIDOS,21.0,0.0,21.0
SAN MARTIN,UCHIZA,464.0,0.0,464.0
SAN MARTIN,YANTALO,20.0,0.0,20.0
SAN MARTIN,YORONGOS,70.0,2.0,72.0
SAN MARTIN,YURACYACU,80.0,0.0,80.0
SAN MARTIN,ZAPATERO,78.0,0.0,78.0
TACNA,ALTO DE LA ALIANZA,1663.0,23.0,1686.0
TACNA,CAIRANI,10.0,0.0,10.0
TACNA,CALANA,485.0,52.0,537.0
TACNA,CAMILACA,30.0,0.0,30.0
TACNA,CANDARAVE,55.0,0.0,55.0
TACNA,CIUDAD NUEVA,1374.0,0.0,1374.0
TACNA,CORONEL GREGORIO ALBARRACIN L.,1755.0,3.0,1758.0
TACNA,CURIBAYA,7.0,0.0,7.0
TACNA,EN INVESTIGACIÓN,401.0,0.0,401.0
TACNA,ESTIQUE,2.0,0.0,2.0
TACNA,ESTIQUE PAMPA,1.0,0.0,1.0
TACNA,HEROES ALBARRACIN,3.0,0.0,3.0
TACNA,HUANUARA,6.0,0.0,6.0
TACNA,ILABAYA,142.0,1.0,143.0
TACNA,INCLAN,27.0,0.0,27.0
TACNA,ITE,99.0,0.0,99.0
TACNA,LA YARADA LOS PALOS,130.0,0.0,130.0
TACNA,LOCUMBA,122.0,0.0,122.0
TACNA,PACHIA,47.0,0.0,47.0
TACNA,PALCA,16.0,0.0,16.0
TACNA,POCOLLAY,423.0,0.0,423.0
TACNA,QUILAHUANI,21.0,0.0,21.0
TACNA,SAMA,53.0,0.0,53.0
TACNA,SUSAPAYA,1.0,0.0,1.0
TACNA,TACNA,4464.0,39.0,4503.0
TACNA,TARATA,83.0,0.0,83.0
TACNA,TARUCACHI,1.0,0.0,1.0
TACNA,TICACO,5.0,0.0,5.0
TUMBES,AGUAS VERDES,342.0,1.0,343.0
TUMBES,CANOAS DE PUNTA SAL,84.0,0.0,84.0
TUMBES,CASITAS,19.0,0.0,19.0
TUMBES,CORRALES,558.0,10.0,568.0
TUMBES,EN INVESTIGACIÓN,31.0,0.0,31.0
TUMBES,LA CRUZ,143.0,1.0,144.0
TUMBES,MATAPALO,25.0,0.0,25.0
TUMBES,PAMPAS DE HOSPITAL,88.0,3.0,91.0
TUMBES,PAPAYAL,208.0,1.0,209.0
TUMBES,SAN JACINTO,146.0,0.0,146.0
TUMBES,SAN JUAN DE LA VIRGEN,46.0,0.0,46.0
TUMBES,TUMBES,4450.0,72.0,4522.0
TUMBES,ZARUMILLA,602.0,2.0,604.0
TUMBES,ZORRITOS,228.0,6.0,234.0
UCAYALI,ALEXANDER VON HUMBOLDT,24.0,0.0,24.0
UCAYALI,CALLERIA,6841.0,0.0,6841.0
UCAYALI,CAMPOVERDE,200.0,0.0,200.0
UCAYALI,CURIMANA,124.0,0.0,124.0
UCAYALI,EN INVESTIGACIÓN,987.0,3.0,990.0
UCAYALI,IPARIA,129.0,0.0,129.0
UCAYALI,IRAZOLA,181.0,0.0,181.0
UCAYALI,MANANTAY,1997.0,0.0,1997.0
UCAYALI,MASISEA,269.0,0.0,269.0
UCAYALI,NESHUYA,89.0,0.0,89.0
UCAYALI,NUEVA REQUENA,196.0,0.0,196.0
UCAYALI,PADRE ABAD,760.0,0.0,760.0
UCAYALI,PURUS,59.0,0.0,59.0
UCAYALI,SEPAHUA,129.0,0.0,129.0
UCAYALI,TAHUANIA,118.0,0.0,118.0
UCAYALI,YARINACOCHA,3710.0,16.0,3726.0
UCAYALI,YURUA,10.0,0.0,10.0
